FIPS,Pop,Density,HH,pop_lt_5,pct_lt_5,pop_gt_65,pct_gt_65,MedAge,White,Pctwhite,Black,Pctblack,Hispanic,PctHispanic,PctImmigra,Unemployed,InLaborFocre,pct_unemployed,MdHHInc,PctVacant,PctHighSch,PctBA,PctGrad,Md_Value
470370101031 ,937,108.2418,382,28,0.029882604,251,0.267876201,50.1,918,0.979722519,0,0,0,0,0.004268943,12,463,0.025917927,65833,0,0.858666667,0.264,0.157333333,58600
470370101032 ,1690,170.724,611,105,0.062130178,282,0.166863905,44.3,1504,0.889940828,144,0.085207101,39,0.023076923,0.04260355,43,883,0.048697622,69803,0.025518341,0.89314845,0.264274062,0.10685155,62100
470370101041 ,1442,109.5925,678,85,0.058945908,272,0.188626907,48.2,1134,0.786407767,209,0.144937587,59,0.040915395,0.026352288,45,840,0.053571429,51477,0.11372549,0.883814103,0.280448718,0.133012821,70000
470370101042 ,1379,115.1655,545,100,0.072516316,241,0.174764322,52.4,1370,0.993473532,9,0.006526468,0,0,0.005076142,13,607,0.021416804,64728,0.037102473,0.885981308,0.197196262,0.042056075,71500
470370101051 ,663,218.6289,255,11,0.016591252,179,0.269984917,54,351,0.529411765,279,0.42081448,14,0.021116139,0.009049774,50,345,0.144927536,52270,0.072727273,0.830909091,0.263636364,0.114545455,75100
470370101052 ,2025,276.8914,790,24,0.011851852,481,0.237530864,48.8,276,0.136296296,1733,0.855802469,0,0,0.016790123,11,967,0.011375388,65938,0.12803532,0.937753721,0.447225981,0.205006766,76200
470370101053 ,838,1933.168,335,28,0.033412888,190,0.22673031,46.7,162,0.193317422,651,0.776849642,0,0,0.027446301,50,380,0.131578947,33417,0,0.748807631,0.155802862,0.089030207,78800
470370101054 ,731,4801.432,262,26,0.035567715,95,0.12995896,40.7,0,0,705,0.964432285,26,0.035567715,0,48,393,0.122137405,51818,0.14379085,0.898550725,0.169772257,0.105590062,84900
470370101061 ,1156,160.1025,375,90,0.077854671,117,0.101211073,38.9,546,0.472318339,395,0.341695502,216,0.186851211,0.045847751,32,609,0.052545156,51964,0.078624079,0.833333333,0.300254453,0.150127226,85600
470370101062 ,2101,1941.149,624,191,0.090909091,203,0.096620657,34.1,215,0.102332223,1752,0.833888624,0,0,0.018086625,55,920,0.059782609,45132,0.034055728,0.865755627,0.20659164,0.067524116,85900
470370102011 ,2548,419.5287,970,266,0.104395604,276,0.108320251,35.5,1368,0.53689168,1109,0.435243328,370,0.145211931,0.033751962,81,1174,0.068994889,55000,0.123757904,0.926932367,0.262077295,0.065217391,87000
470370102012 ,713,556.939,297,13,0.018232819,182,0.255259467,51.8,300,0.420757363,413,0.579242637,0,0,0.037868163,0,343,0,69625,0.1,0.893835616,0.375,0.178082192,87800
470370102013 ,1377,762.9811,517,97,0.070442992,175,0.127087872,34.9,875,0.635439361,379,0.27523602,100,0.072621641,0.061728395,56,775,0.072258065,56987,0.037243948,0.934506354,0.438905181,0.135874878,88800
470370102021 ,761,110.7201,383,7,0.009198423,238,0.312746386,57.3,663,0.871222076,61,0.080157687,0,0,0.010512484,10,455,0.021978022,62042,0.022959184,0.814925373,0.141791045,0.035820896,89100
470370102022 ,1258,116.4812,455,66,0.052464229,209,0.166136725,42.2,1102,0.875993641,66,0.052464229,118,0.093799682,0.027027027,9,568,0.01584507,58105,0.069529652,0.910022779,0.265375854,0.108200456,89400
470370102023 ,1488,170.3136,600,95,0.063844086,334,0.224462366,48.2,1488,1,0,0,46,0.030913978,0,43,797,0.053952321,56979,0.014778325,0.910200523,0.258936356,0.070619006,90300
470370103011 ,1278,1397.969,518,12,0.009389671,268,0.20970266,52.3,861,0.67370892,291,0.227699531,108,0.084507042,0.049295775,156,735,0.212244898,47847,0,0.769718948,0.135086129,0.049864007,91900
470370103012 ,2461,1034.753,1008,179,0.072734661,352,0.143031288,40.6,1554,0.63145063,825,0.335229581,63,0.02559935,0.008533117,166,1272,0.130503145,47500,0.13253012,0.952078522,0.334295612,0.129330254,94000
470370103021 ,1238,2121.497,425,55,0.044426494,133,0.107431341,28.5,637,0.51453958,552,0.445880452,0,0,0.021001616,25,539,0.046382189,35469,0.067982456,0.819088319,0.192307692,0.098290598,94000
470370103022 ,897,870.7888,378,81,0.090301003,96,0.107023411,35,777,0.866220736,109,0.121516165,12,0.013377926,0.006688963,53,456,0.11622807,43000,0.302583026,0.830427892,0.187004754,0.039619651,94500
470370103031 ,1555,1923.694,672,77,0.049517685,30,0.019292605,27,424,0.27266881,1131,0.72733119,0,0,0.032797428,175,848,0.206367925,28965,0.066666667,0.875286041,0.078947368,0,94900
470370103032 ,2151,4692.268,1156,67,0.031148303,403,0.187354719,37.8,1548,0.719665272,355,0.165039517,56,0.026034403,0.054393305,98,1409,0.069552874,59766,0.151870873,0.97080292,0.381246491,0.083099382,95400
470370103033 ,1272,3272.11,493,82,0.064465409,261,0.205188679,51,841,0.661163522,406,0.31918239,25,0.019654088,0,58,663,0.087481146,41813,0,0.842157842,0.055944056,0.00999001,97800
470370104011 ,1689,787.8088,777,40,0.023682652,350,0.207223209,45.1,1244,0.736530491,371,0.219656602,13,0.007696862,0.007696862,121,1054,0.114800759,44506,0.189781022,0.825882353,0.210196078,0.131764706,100300
470370104012 ,1380,1808.397,429,190,0.137681159,58,0.042028986,23.9,339,0.245652174,717,0.519565217,347,0.251449275,0.108695652,64,645,0.099224806,38112,0.193609023,0.607633588,0.083969466,0.021374046,100600
470370104013 ,1826,2112.861,563,83,0.045454545,139,0.076122673,30.9,1233,0.67524644,394,0.21577218,713,0.390470975,0.21796276,81,958,0.084551148,43083,0.1443769,0.600558659,0.081936685,0.01396648,101300
470370104021 ,1923,4879.736,431,341,0.177327093,162,0.08424337,21,760,0.395215809,428,0.222568903,734,0.381695268,0.236089444,108,734,0.147138965,37599,0.131048387,0.82278481,0.075949367,0.016110472,103100
470370104022 ,1013,2632.511,445,0,0,140,0.138203356,38.9,462,0.456071076,184,0.181638697,460,0.454096742,0.240868707,70,375,0.186666667,20452,0.172862454,0.771565495,0.132587859,0.028753994,103600
470370104023 ,1737,5107.785,670,274,0.157743235,37,0.021301094,25.2,673,0.387449626,936,0.538860104,104,0.059873345,0.044905009,144,853,0.168815944,22857,0.090909091,0.773823192,0.013777268,0,103800
470370104024 ,649,4093.571,186,62,0.095531587,106,0.163328197,30.2,544,0.838212635,55,0.084745763,80,0.123266564,0.095531587,61,284,0.214788732,47903,0.367346939,0.835106383,0.053191489,0.053191489,104400
470370104025 ,1005,14883.71,631,33,0.032835821,211,0.209950249,51.7,695,0.691542289,294,0.292537313,170,0.169154229,0.258706468,91,555,0.163963964,22446,0.158666667,0.723919916,0.029504742,0,105300
470370105011 ,276,826.2155,246,0,0,30,0.108695652,59.6,220,0.797101449,43,0.155797101,13,0.047101449,0,84,156,0.538461538,25176,0,0.832512315,0.044334975,0,106400
470370105012 ,979,2563.709,532,49,0.050051073,319,0.325842697,49.8,862,0.880490296,60,0.061287028,15,0.015321757,0,0,400,0,18547,0,0.686060606,0.078787879,0.018181818,106700
470370105013 ,1280,363.9059,345,116,0.090625,73,0.05703125,28.6,1280,1,0,0,506,0.3953125,0.1328125,53,782,0.067774936,65792,0.077540107,0.758807588,0.150406504,0.062330623,106800
470370105014 ,1100,4787.119,442,228,0.207272727,143,0.13,37,901,0.819090909,19,0.017272727,23,0.020909091,0.070909091,52,668,0.077844311,70714,0,0.94691358,0.324691358,0.079012346,107100
470370105015 ,839,4039.041,414,53,0.063170441,44,0.052443385,45.2,829,0.988081049,0,0,0,0,0,71,596,0.119127517,69628,0,0.858146067,0.311797753,0.08988764,107600
470370105016 ,1332,967.2613,454,196,0.147147147,155,0.116366366,33.3,1177,0.883633634,44,0.033033033,15,0.011261261,0.011261261,0,618,0,76622,0.065843621,0.950980392,0.361519608,0.087009804,107800
470370105021 ,943,2187.815,368,86,0.091198303,118,0.125132556,36.2,821,0.870625663,57,0.060445387,15,0.015906681,0.012725345,93,425,0.218823529,40435,0.185840708,0.840336134,0.169747899,0.104201681,108100
470370105022 ,1157,2001.555,477,61,0.052722558,165,0.142610199,44,1003,0.866897148,143,0.123595506,14,0.012100259,0.004321521,44,687,0.064046579,55492,0.101694915,0.913288288,0.237612613,0.076576577,108100
470370105023 ,3086,1826.96,1131,335,0.108554763,383,0.124108879,35.3,2428,0.786779002,608,0.197018795,302,0.097861309,0.047958522,66,1595,0.04137931,62521,0,0.87875895,0.327923628,0.099761337,108300
470370106011 ,2843,3226.735,1198,61,0.021456208,252,0.088638762,44.1,763,0.268378473,1510,0.531129089,723,0.254308829,0.112205417,149,1742,0.085533869,46212,0.107302534,0.698691926,0.179521876,0.069012179,109000
470370106012 ,1465,281.0291,577,25,0.017064846,341,0.232764505,51.2,1106,0.754948805,359,0.245051195,0,0,0,50,830,0.060240964,59654,0,0.912764004,0.228650138,0.101010101,109300
470370106013 ,763,1839.684,326,16,0.020969856,83,0.108781127,33.8,693,0.908256881,70,0.091743119,0,0,0.014416776,0,545,0,68750,0,0.971061093,0.361736334,0.08681672,109500
470370106021 ,2179,3099.855,781,132,0.060578247,210,0.096374484,35.2,978,0.448829738,912,0.418540615,424,0.194584672,0.098210188,55,1200,0.045833333,44097,0.076832151,0.892905866,0.167803547,0.017735334,110100
470370106022 ,1797,3645.696,525,161,0.089593767,154,0.085698386,33.8,730,0.40623261,799,0.444629939,183,0.101836394,0.087367835,85,782,0.108695652,44077,0.055755396,0.756859035,0.174077578,0.033112583,110200
470370107011 ,1243,4769.422,487,67,0.05390185,79,0.063555913,32.3,761,0.612228479,162,0.130329847,495,0.398230088,0.164119067,13,541,0.024029575,28750,0.204248366,0.655253837,0.075560803,0.027154664,110300
470370107012 ,1615,4231.3,604,175,0.108359133,144,0.089164087,31.4,865,0.535603715,440,0.27244582,298,0.184520124,0.156656347,177,859,0.206053551,30000,0.166896552,0.743,0.204,0.049,111100
470370107013 ,684,2016.395,339,13,0.019005848,115,0.168128655,36.5,474,0.692982456,166,0.242690058,101,0.147660819,0.102339181,26,430,0.060465116,46042,0.15037594,0.962105263,0.288421053,0.191578947,111400
470370107014 ,710,2180.132,296,55,0.077464789,95,0.133802817,35.5,367,0.516901408,107,0.150704225,207,0.291549296,0.107042254,60,414,0.144927536,30250,0.210666667,0.852822581,0.151209677,0.066532258,111900
470370107021 ,1102,4662.62,599,87,0.078947368,196,0.177858439,42.6,441,0.400181488,379,0.343920145,320,0.290381125,0.174228675,56,447,0.125279642,21640,0.136887608,0.802531646,0.088607595,0.03164557,111900
470370107022 ,2261,2819.316,1151,204,0.090225564,404,0.178681999,34.5,1006,0.444935869,704,0.311366652,480,0.212295444,0.131800088,74,962,0.076923077,22827,0.071774194,0.749187784,0.092267706,0.025341131,112000
470370108011 ,2378,2350.077,991,292,0.122792262,252,0.105971405,31.6,964,0.405382675,1240,0.521446594,79,0.033221194,0.042472666,15,1304,0.011503067,41101,0.040658277,0.914248872,0.150225661,0.094777563,112200
470370108012 ,835,1329.573,340,149,0.178443114,128,0.153293413,57.2,759,0.908982036,52,0.062275449,149,0.178443114,0,1,368,0.002717391,36929,0,0.954710145,0.335144928,0.211956522,112200
470370108013 ,2027,4302.62,1008,58,0.028613715,362,0.178589048,38.3,850,0.419338925,1021,0.503700049,288,0.142081894,0.079921066,25,1011,0.024727992,35455,0.124239791,0.804457225,0.082674335,0.029475198,112400
470370108021 ,1444,1605.359,668,127,0.087950139,243,0.168282548,47.3,828,0.573407202,564,0.390581717,10,0.006925208,0.033240997,34,915,0.03715847,39444,0.053824363,0.956327986,0.314616756,0.1114082,112500
470370108022 ,1186,2544.209,464,32,0.02698145,494,0.416526138,57.9,706,0.595278246,433,0.365092749,62,0.05227656,0.05311973,27,455,0.059340659,39145,0,0.707724426,0.233820459,0.135699374,112900
470370108023 ,1196,1703.387,484,55,0.045986622,301,0.251672241,50.1,870,0.727424749,282,0.235785953,133,0.111204013,0.054347826,11,491,0.022403259,44688,0.050980392,0.872527473,0.363736264,0.150549451,112900
470370109011 ,501,2054.869,221,46,0.091816367,70,0.139720559,36,239,0.477045908,237,0.473053892,30,0.05988024,0.077844311,30,331,0.090634441,48365,0.348082596,0.836565097,0.180055402,0.099722992,113500
470370109012 ,918,1259.563,360,50,0.054466231,149,0.162309368,48.4,697,0.759259259,196,0.213507625,9,0.009803922,0,18,452,0.039823009,60729,0.106699752,0.87281399,0.33863275,0.112877583,113700
470370109013 ,1629,1465.185,598,39,0.023941068,250,0.153468386,40.3,749,0.459791283,727,0.446286065,9,0.005524862,0.065070595,14,1028,0.013618677,60152,0.053797468,0.910898966,0.312649165,0.128878282,114000
470370109031 ,1208,1675.588,352,219,0.181291391,6,0.004966887,24.1,309,0.255794702,402,0.332781457,556,0.460264901,0.307119205,35,584,0.059931507,35366,0.053763441,0.606946984,0.100548446,0.020109689,114100
470370109032 ,2341,1768.617,723,194,0.082870568,271,0.115762495,27.9,101,0.043143956,2216,0.946604015,0,0,0.021358394,72,1037,0.069431051,37109,0.1612529,0.80351682,0.107798165,0.02675841,114300
470370109033 ,2182,5027.363,836,198,0.090742438,161,0.073785518,32.3,101,0.046287809,2053,0.940879927,43,0.019706691,0.018790101,127,985,0.12893401,27295,0.062780269,0.814381271,0.153846154,0.061036789,114700
470370109041 ,1746,3784.162,823,101,0.057846506,186,0.10652921,35.3,172,0.098510882,1574,0.901489118,0,0,0.015463918,201,976,0.205942623,21344,0.024881517,0.853146853,0.266608392,0.069055944,115300
470370109042 ,1015,2096.318,427,51,0.050246305,195,0.192118227,42.8,137,0.134975369,878,0.865024631,0,0,0.025615764,109,539,0.202226345,32409,0.161100196,0.695652174,0.131837307,0.039270687,115400
470370110011 ,1040,3422.976,471,87,0.083653846,77,0.074038462,30,388,0.373076923,615,0.591346154,31,0.029807692,0,272,590,0.461016949,16619,0.279816514,0.6022187,0.039619651,0.017432647,115400
470370110012 ,1429,1800.169,546,178,0.124562631,59,0.041287614,36.1,687,0.480755773,315,0.22043387,751,0.525542337,0.230230931,90,576,0.15625,24107,0.09602649,0.734813084,0.046728972,0.021028037,115500
470370110013 ,781,1630.717,401,23,0.029449424,194,0.248399488,55.2,186,0.23815621,504,0.645326504,0,0,0,22,346,0.063583815,47583,0,0.7102526,0.224368499,0.158989599,115500
470370110014 ,665,655.2404,256,0,0,40,0.060150376,37,195,0.293233083,470,0.706766917,27,0.040601504,0,49,410,0.119512195,33214,0.207430341,0.834090909,0.106818182,0.029545455,115800
470370110015 ,1436,4176.026,495,118,0.082172702,95,0.066155989,24.8,490,0.341225627,946,0.658774373,0,0,0,73,771,0.094682231,33125,0.176372712,0.674681754,0.159830269,0.077793494,115900
470370110021 ,739,1600.768,272,54,0.073071719,120,0.162381597,40.9,456,0.617050068,276,0.373477673,0,0,0.069012179,59,464,0.127155172,73000,0.183183183,0.845303867,0.232044199,0.066298343,115900
470370110022 ,1868,1974.818,803,115,0.061563169,178,0.095289079,33.3,707,0.378479657,990,0.529978587,72,0.038543897,0.040685225,108,1059,0.101983003,31750,0.074884793,0.816129032,0.282258065,0.043548387,116800
470370111001 ,718,2092.296,280,12,0.016713092,83,0.115598886,46.2,525,0.731197772,13,0.01810585,0,0,0.142061281,7,500,0.014,63971,0,0.912280702,0.216905901,0.100478469,117000
470370111002 ,1215,3191.62,479,31,0.025514403,138,0.113580247,42.3,791,0.651028807,133,0.109465021,291,0.239506173,0.208230453,42,656,0.06402439,39712,0.077071291,0.74650913,0.157894737,0.038668099,117100
470370111003 ,783,1959.839,393,45,0.057471264,138,0.176245211,45,777,0.992337165,0,0,0,0,0.01532567,50,493,0.101419878,87969,0,0.935635793,0.530612245,0.35321821,117200
470370111004 ,959,3227.561,373,29,0.030239833,91,0.094890511,40.3,682,0.711157456,125,0.130344108,164,0.17101147,0.038581856,43,667,0.064467766,71992,0,0.876979294,0.31546894,0.123020706,117500
470370111005 ,669,3879.71,277,31,0.046337818,80,0.119581465,30.4,539,0.80568012,120,0.179372197,7,0.010463378,0,15,399,0.037593985,55781,0.028070175,0.88996139,0.455598456,0.138996139,118000
470370112001 ,604,4278.817,278,22,0.036423841,58,0.09602649,42.8,482,0.798013245,53,0.087748344,0,0,0.043046358,14,381,0.036745407,45938,0,0.8477842,0.352601156,0.06743738,118300
470370112002 ,625,3525.482,254,48,0.0768,49,0.0784,39.4,555,0.888,47,0.0752,5,0.008,0.0112,54,425,0.127058824,92813,0.180645161,0.93499044,0.565965583,0.187380497,119100
470370112003 ,800,3418.754,398,34,0.0425,111,0.13875,41.8,572,0.715,208,0.26,42,0.0525,0.02625,43,512,0.083984375,44853,0.059101655,0.909923664,0.367938931,0.152671756,119700
470370112004 ,489,2179.333,231,48,0.098159509,48,0.098159509,35.8,386,0.789366053,79,0.161554192,0,0,0.053169734,17,262,0.064885496,40469,0.16,0.783783784,0.513513514,0.110810811,120300
470370112005 ,538,2416.754,275,8,0.014869888,77,0.143122677,44.7,295,0.548327138,179,0.332713755,10,0.018587361,0,24,301,0.079734219,39821,0.132492114,0.820093458,0.168224299,0.037383178,120500
470370112006 ,821,3602.898,360,64,0.077953715,43,0.052375152,39.9,523,0.637028015,214,0.260657734,49,0.059683313,0.025578563,26,489,0.053169734,46944,0.168591224,0.891402715,0.257918552,0.138763198,120600
470370113001 ,481,1177.314,200,31,0.064449064,34,0.070686071,41.3,411,0.854469854,70,0.145530146,34,0.070686071,0.031185031,7,306,0.022875817,46563,0.033816425,0.80058651,0.134897361,0.082111437,120700
470370113002 ,1116,4408.799,438,31,0.027777778,174,0.155913978,38,265,0.237455197,843,0.755376344,0,0,0.007168459,107,780,0.137179487,43289,0,0.903002309,0.255196305,0.100461894,120700
470370113003 ,1161,5231.625,468,185,0.159345392,197,0.169681309,35.7,261,0.224806202,717,0.617571059,84,0.072351421,0.11627907,39,542,0.07195572,41800,0.139705882,0.780952381,0.261904762,0.154761905,121500
470370113004 ,1328,3517.965,413,94,0.070783133,33,0.024849398,29.3,1028,0.774096386,174,0.131024096,735,0.553463855,0.268072289,4,640,0.00625,32125,0.030516432,0.665463297,0.055354994,0,121700
470370113005 ,1063,5167.386,360,241,0.226716839,119,0.111947319,30.1,362,0.340545626,339,0.318908749,293,0.275634995,0.215428034,85,518,0.164092664,27451,0.207048458,0.557453416,0.118012422,0.02484472,121700
470370113006 ,471,2866.128,203,0,0,130,0.276008493,40.7,247,0.524416136,116,0.246284501,68,0.144373673,0.031847134,21,208,0.100961538,35750,0.22519084,0.420118343,0,0,122300
470370114001 ,1690,4768.186,686,74,0.043786982,195,0.115384615,32.3,509,0.301183432,1157,0.684615385,0,0,0,90,1022,0.088062622,33770,0.069199457,0.814523185,0.275590551,0.020122485,122400
470370114002 ,652,4213.254,342,116,0.17791411,54,0.082822086,29,303,0.464723926,349,0.535276074,0,0,0.027607362,96,359,0.267409471,20946,0.08310992,0.958429561,0.413394919,0.150115473,123500
470370114003 ,873,4513.904,282,49,0.056128293,104,0.119129439,31.3,419,0.479954181,454,0.520045819,0,0,0.033218786,7,577,0.012131716,71154,0.110410095,0.870827286,0.406386067,0.185776488,123600
470370114004 ,1106,5145.678,435,91,0.082278481,94,0.084990958,32.4,775,0.700723327,316,0.285714286,137,0.123869801,0.099457505,11,738,0.014905149,45174,0.074468085,0.922580645,0.428387097,0.058064516,124100
470370114005 ,355,3336.063,172,0,0,0,0,42.1,113,0.318309859,242,0.681690141,0,0,0,0,240,0,40455,0.355805243,0.961206897,0.36637931,0.112068966,124400
470370115001 ,656,2401.038,347,21,0.032012195,129,0.196646341,49.1,423,0.644817073,220,0.335365854,8,0.012195122,0.06097561,21,364,0.057692308,46875,0,0.819420784,0.339011925,0.144804089,124500
470370115002 ,1180,2610.017,560,69,0.058474576,146,0.123728814,39.5,943,0.799152542,217,0.183898305,30,0.025423729,0,48,745,0.06442953,46500,0.055649241,0.952535059,0.390507012,0.098166127,124900
470370115003 ,863,2846.22,374,58,0.067207416,73,0.084588644,34.4,738,0.855156431,90,0.10428737,10,0.011587486,0.009269988,0,540,0,63250,0.067331671,0.935779817,0.325688073,0.082568807,125200
470370115004 ,1050,2883.758,516,29,0.027619048,168,0.16,38.3,909,0.865714286,94,0.08952381,0,0,0,0,629,0,51821,0,0.932826362,0.346007605,0.115335868,125700
470370116001 ,731,398.6365,323,0,0,178,0.243502052,52.3,697,0.953488372,34,0.046511628,0,0,0,0,420,0,43661,0.176020408,0.820598007,0.26910299,0.07807309,126500
470370116002 ,888,2503.313,495,8,0.009009009,127,0.143018018,35.6,680,0.765765766,208,0.234234234,0,0,0.059684685,23,677,0.033973412,NA,0.224137931,0.927367056,0.370946822,0.128404669,126600
470370116003 ,626,2300.764,288,0,0,43,0.068690096,33.2,481,0.768370607,145,0.231629393,0,0,0,0,421,0,63889,0.147928994,0.941787942,0.426195426,0.128898129,127500
470370116004 ,870,2782.152,452,23,0.026436782,136,0.156321839,48.5,592,0.68045977,265,0.304597701,0,0,0.042528736,27,621,0.043478261,50341,0,0.97149938,0.379182156,0.048327138,127600
470370116005 ,956,2619.316,420,41,0.042887029,199,0.208158996,50.9,504,0.527196653,438,0.458158996,0,0,0.014644351,39,630,0.061904762,65000,0.032258065,0.945392491,0.325369738,0.167235495,128800
470370117001 ,801,5278.146,312,47,0.058676654,74,0.092384519,32.4,657,0.820224719,144,0.179775281,0,0,0,22,509,0.043222004,54125,0.063063063,0.972477064,0.559633028,0.124770642,129100
470370117002 ,1395,6739.451,573,241,0.172759857,110,0.078853047,32.2,996,0.713978495,386,0.276702509,0,0,0.070250896,81,946,0.085623679,55625,0.101880878,0.907446809,0.558510638,0.281914894,129100
470370117003 ,667,3938.422,341,0,0,13,0.019490255,32.7,647,0.970014993,20,0.029985007,30,0.044977511,0,0,485,0,NA,0.319361277,0.933333333,0.620833333,0.377083333,129200
470370117004 ,808,5598.461,371,28,0.034653465,0,0,35.5,505,0.625,202,0.25,79,0.097772277,0.086633663,0,665,0,46011,0,0.830769231,0.34965035,0.01958042,129500
470370117005 ,914,5435.542,166,9,0.009846827,82,0.089715536,21,745,0.815098468,101,0.110503282,102,0.111597374,0.136761488,57,514,0.110894942,39600,0,0.875338753,0.314363144,0.046070461,130100
470370117006 ,919,3950.564,312,91,0.099020675,53,0.057671382,29.6,554,0.602829162,265,0.28835691,41,0.044613711,0,21,568,0.036971831,65913,0,1,0.14556962,0.058544304,130500
470370117007 ,686,3791.671,226,45,0.065597668,56,0.081632653,37.1,333,0.485422741,293,0.427113703,0,0,0.040816327,56,357,0.156862745,65283,0.228668942,0.83501006,0.376257545,0.128772636,130800
470370118001 ,691,3647.521,310,18,0.026049204,43,0.062228654,30.3,281,0.406657019,295,0.426917511,31,0.044862518,0.052098408,5,448,0.011160714,37237,0.060606061,0.944785276,0.384458078,0.161554192,131300
470370118002 ,497,4169.728,202,0,0,39,0.078470825,35,83,0.167002012,414,0.832997988,0,0,0,60,269,0.223048327,38875,0.384146341,0.608173077,0.237980769,0.141826923,131700
470370118003 ,1316,7948.713,392,40,0.030395137,179,0.136018237,31.3,334,0.253799392,963,0.731762918,80,0.060790274,0.060790274,134,500,0.268,25379,0.086247086,0.662464986,0.166666667,0.039215686,131800
470370118004 ,379,4890.714,110,106,0.279683377,5,0.013192612,11.7,0,0,379,1,0,0,0.121372032,0,94,0,20000,0.147286822,0.66,0,0,132900
470370119001 ,760,6142.181,231,25,0.032894737,86,0.113157895,31.9,407,0.535526316,327,0.430263158,12,0.015789474,0.040789474,29,391,0.074168798,66875,0.156934307,0.906183369,0.31130064,0.042643923,133200
470370119002 ,1020,4020.974,421,84,0.082352941,54,0.052941176,26.8,209,0.204901961,690,0.676470588,87,0.085294118,0.126470588,58,521,0.111324376,31008,0.140816327,0.782312925,0.280612245,0.136054422,133500
470370119003 ,865,5529.805,335,65,0.075144509,22,0.025433526,26.6,229,0.264739884,580,0.670520231,4,0.004624277,0.013872832,16,475,0.033684211,35208,0.188861985,0.953757225,0.294797688,0.069364162,133500
470370121001 ,606,4219.775,273,66,0.108910891,39,0.064356436,42.7,606,1,0,0,60,0.099009901,0.138613861,0,423,0,103229,0.035335689,0.868041237,0.682474227,0.393814433,133600
470370121002 ,1324,4774.723,689,87,0.06570997,79,0.059667674,37.7,1282,0.968277946,33,0.024924471,50,0.03776435,0.02265861,23,896,0.025669643,59911,0.093421053,0.9536862,0.5463138,0.191871456,133700
470370121003 ,439,2916.698,189,33,0.075170843,76,0.173120729,40.6,439,1,0,0,13,0.029612756,0.018223235,24,287,0.083623693,71528,0,0.972972973,0.554054054,0.205405405,133800
470370122001 ,841,1114.069,416,39,0.046373365,37,0.043995244,36.6,725,0.862068966,43,0.051129608,64,0.076099881,0,38,528,0.071969697,45179,0.262411348,0.811550152,0.496960486,0.142857143,133800
470370122002 ,705,6190.892,328,61,0.086524823,41,0.058156028,35.1,705,1,0,0,24,0.034042553,0,14,487,0.028747433,85625,0.07082153,0.960923623,0.731793961,0.309058615,134100
470370122003 ,435,4025.96,219,21,0.048275862,29,0.066666667,36.9,349,0.802298851,55,0.126436782,15,0.034482759,0.071264368,15,279,0.053763441,44625,0.182835821,0.877840909,0.59375,0.247159091,134100
470370126001 ,2335,4998.642,837,204,0.087366167,118,0.050535332,28.3,341,0.146038544,1694,0.725481799,198,0.084796574,0.084368308,157,1192,0.131711409,27336,0.079207921,0.750543872,0.15373459,0.049311095,134200
470370127011 ,1111,1440.344,402,187,0.168316832,234,0.210621062,34.6,33,0.02970297,1078,0.97029703,0,0,0.04410441,107,540,0.198148148,31735,0,0.752212389,0.166666667,0.019174041,134500
470370127012 ,3144,1708.44,1114,436,0.138676845,134,0.042620865,26.2,367,0.11673028,2547,0.810114504,0,0,0.082379135,285,1300,0.219230769,27228,0.089869281,0.791819292,0.14041514,0.016483516,134800
470370127013 ,580,3097.944,293,18,0.031034483,157,0.270689655,51.7,0,0,580,1,0,0,0,93,237,0.392405063,29417,0,0.841191067,0.374689826,0.290322581,134900
470370127014 ,1110,2738.892,338,27,0.024324324,222,0.2,37.4,49,0.044144144,1040,0.936936937,0,0,0,68,582,0.116838488,29740,0.224770642,0.844319776,0.117812062,0.053295933,135000
470370127021 ,1680,1499.047,600,73,0.043452381,251,0.149404762,45.7,68,0.04047619,1610,0.958333333,0,0,0.007142857,70,813,0.086100861,58214,0.134199134,0.963265306,0.306122449,0.163265306,135500
470370127022 ,951,1524.335,347,47,0.049421661,103,0.108307045,28.3,206,0.21661409,634,0.666666667,0,0,0.030494217,40,481,0.083160083,40607,0,0.639511202,0.16293279,0.095723014,135800
470370128011 ,1272,1240.88,515,49,0.038522013,296,0.232704403,48.8,145,0.113993711,1028,0.808176101,0,0,0,42,747,0.0562249,67330,0.183835182,0.886811024,0.36515748,0.164370079,135800
470370128012 ,822,823.0557,347,31,0.037712895,143,0.173965937,55,231,0.281021898,591,0.718978102,11,0.013381995,0.013381995,0,398,0,37070,0,0.712871287,0.10466761,0.024045262,136200
470370128013 ,1399,2399.172,394,56,0.040028592,239,0.170836312,35.8,0,0,1353,0.967119371,0,0,0,53,469,0.113006397,44868,0.04136253,0.958227848,0.121518987,0.074683544,136500
470370128014 ,1945,2409.712,741,373,0.191773779,241,0.123907455,21.1,206,0.105912596,1721,0.884832905,163,0.083804627,0.066838046,94,552,0.170289855,16354,0.111510791,0.784237726,0.201550388,0.109819121,136900
470370128021 ,1409,1436.994,521,28,0.01987225,286,0.202980837,48.7,473,0.335699077,936,0.664300923,62,0.044002839,0.044002839,35,698,0.050143266,38802,0.097053726,0.855368234,0.217391304,0.06122449,137300
470370128022 ,1223,7183.496,368,55,0.044971382,117,0.095666394,36.1,59,0.048242028,1105,0.903515944,0,0,0.019623876,16,452,0.03539823,36681,0.146171694,0.702349869,0.093994778,0.027415144,137500
470370128023 ,576,2336.271,212,57,0.098958333,59,0.102430556,32.6,48,0.083333333,528,0.916666667,0,0,0,26,157,0.165605096,33088,0.112970711,0.946745562,0.210059172,0.071005917,137700
470370128024 ,867,238.7377,28,0,0,210,0.242214533,44.9,556,0.641291811,289,0.333333333,7,0.008073818,0.014994233,0,0,0,NA,0,0.618622449,0.022959184,0.003826531,137900
470370130001 ,1117,195.0378,16,17,0.015219338,61,0.054610564,38.9,620,0.555058192,471,0.421665175,62,0.055505819,0.071620412,0,16,0,NA,0,0.74829932,0.045675413,0.029154519,138000
470370131001 ,779,46.83121,320,9,0.011553273,150,0.192554557,49.7,766,0.983311938,4,0.005134788,0,0,0.008985879,6,333,0.018018018,48077,0.106145251,0.762282092,0.126782884,0.033280507,138100
470370131002 ,1711,99.06187,592,94,0.054938632,239,0.139684395,37.2,690,0.40327294,792,0.4628872,0,0,0.090590298,51,825,0.061818182,65750,0.063291139,0.863845446,0.32474701,0.078196872,138700
470370132011 ,1216,3513.894,634,61,0.050164474,224,0.184210526,37.9,911,0.749177632,69,0.056743421,46,0.037828947,0.135690789,46,646,0.07120743,42101,0.132694938,0.866033755,0.321729958,0.117088608,138800
470370132012 ,1781,4555.664,610,54,0.030320045,390,0.218978102,45.1,1240,0.696238069,71,0.039865244,121,0.06793936,0.343065693,28,1014,0.027613412,59853,0.046875,0.813673929,0.250939144,0.051840721,139100
470370132021 ,972,1881.599,436,0,0,115,0.118312757,41.2,808,0.83127572,62,0.063786008,71,0.073045267,0.048353909,60,576,0.104166667,45761,0.099173554,0.794502618,0.146596859,0.045811518,139300
470370132022 ,2048,5541.748,696,158,0.077148438,202,0.098632813,34.3,1642,0.801757813,238,0.116210938,269,0.131347656,0.08984375,75,1242,0.060386473,62007,0.038674033,0.832483613,0.208302986,0.05826657,139400
470370132023 ,544,3399.837,210,47,0.086397059,55,0.101102941,31.5,276,0.507352941,0,0,241,0.443014706,0.321691176,0,282,0,40926,0.106382979,0.771428571,0.215873016,0.066666667,139400
470370133001 ,853,2942.4,340,15,0.017584994,64,0.075029308,31.2,638,0.747948417,5,0.005861665,173,0.202813599,0.188745604,23,520,0.044230769,38000,0.093333333,0.734797297,0.211148649,0.099662162,139900
470370133002 ,1170,4264.951,414,86,0.073504274,109,0.093162393,33.6,855,0.730769231,88,0.075213675,254,0.217094017,0.275213675,24,671,0.035767511,35000,0.141078838,0.793438639,0.19927096,0.070473876,140300
470370133003 ,884,2821.275,375,40,0.045248869,35,0.03959276,30.3,682,0.771493213,95,0.107466063,0,0,0.004524887,75,733,0.102319236,55250,0.11971831,0.856720827,0.471196455,0.143279173,140600
470370133004 ,1163,6130.467,457,190,0.163370593,8,0.006878762,25.9,662,0.569217541,382,0.328460877,332,0.285468616,0.192605331,51,699,0.072961373,31815,0.194003527,0.778699862,0.403872752,0.175656985,140700
470370134001 ,1605,4824.659,709,75,0.046728972,191,0.119003115,33.6,1605,1,0,0,12,0.007476636,0.04423676,75,1157,0.064822818,105863,0.039295393,0.970160673,0.669472073,0.322876817,141000
470370134002 ,1142,2154.745,576,137,0.119964974,93,0.081436077,29.8,933,0.816987741,104,0.091068301,56,0.049036778,0.070052539,36,778,0.046272494,105294,0.088607595,1,0.703583062,0.378935939,141100
470370134003 ,1606,3000.065,759,47,0.029265255,111,0.069115816,32.6,1420,0.884184309,0,0,0,0,0.0498132,32,1205,0.026556017,100688,0,0.951372549,0.738823529,0.220392157,141400
470370135001 ,1042,6741.778,432,131,0.12571977,55,0.052783109,29.1,728,0.69865643,269,0.25815739,39,0.037428023,0.030710173,108,705,0.153191489,39000,0.084745763,0.839393939,0.516666667,0.163636364,141800
470370135002 ,1045,2914.674,517,37,0.035406699,65,0.062200957,30.4,674,0.644976077,234,0.223923445,91,0.08708134,0.088038278,32,725,0.044137931,48977,0.155228758,0.960687961,0.555282555,0.194103194,142900
470370136011 ,651,2168.034,285,0,0,83,0.12749616,35.1,36,0.055299539,590,0.906298003,14,0.021505376,0.021505376,44,400,0.11,17132,0.109375,0.839622642,0.240566038,0.127358491,143000
470370136012 ,790,3945.221,338,78,0.098734177,69,0.087341772,47.3,53,0.067088608,675,0.85443038,0,0,0.082278481,0,446,0,33750,0.199052133,0.916797488,0.346938776,0.222919937,143500
470370136013 ,304,2925.583,140,43,0.141447368,26,0.085526316,22,0,0,304,1,0,0,0,0,91,0,17292,0.2,0.946969697,0,0,143600
470370136014 ,1712,5662.072,533,237,0.138434579,80,0.046728972,20.4,126,0.073598131,1543,0.901285047,43,0.025116822,0.001168224,226,678,0.333333333,23534,0.030909091,0.704512373,0.037845706,0.013100437,143600
470370136021 ,1868,2292.115,146,0,0,46,0.024625268,19.6,227,0.121520343,1600,0.856531049,19,0.010171306,0.040149893,119,812,0.146551724,23611,0.210810811,0.768211921,0.158940397,0,146300
470370137001 ,1509,1514.932,641,91,0.060304838,180,0.119284294,34.1,526,0.348575215,881,0.583830351,9,0.005964215,0.062292909,86,616,0.13961039,27775,0.062865497,0.740740741,0.508508509,0.221221221,146600
470370137002 ,791,4252.068,251,129,0.163084703,112,0.14159292,41.5,0,0,791,1,0,0,0,32,256,0.125,41827,0.119298246,0.682481752,0.390510949,0.26459854,147000
470370137003 ,837,2012.012,490,0,0,273,0.326164875,57.2,99,0.11827957,729,0.870967742,30,0.035842294,0.017921147,60,328,0.182926829,23750,0.033530572,0.883396705,0.20278834,0.087452471,147700
470370137004 ,2035,2376.176,704,203,0.0997543,132,0.064864865,22.4,50,0.024570025,1832,0.9002457,0,0,0.055036855,78,755,0.103311258,22574,0,0.78998779,0.113553114,0,148300
470370137005 ,658,3614.425,317,0,0,117,0.17781155,45.2,18,0.027355623,624,0.948328267,0,0,0,98,376,0.260638298,37948,0,0.768916155,0,0,148500
470370138001 ,1027,8110.742,337,10,0.009737098,107,0.104186952,33.4,68,0.066212269,890,0.866601753,0,0,0.004868549,91,545,0.166972477,31277,0.076712329,0.791401274,0.122611465,0.025477707,148700
470370138002 ,935,4710.681,357,45,0.048128342,134,0.143315508,29.8,21,0.022459893,899,0.961497326,23,0.02459893,0,81,474,0.170886076,25446,0.129268293,0.879759519,0.132264529,0.048096192,148900
470370139001 ,1727,4612.103,679,53,0.030689056,177,0.102489867,30.7,90,0.052113492,1542,0.892877823,25,0.01447597,0.029530979,154,836,0.184210526,22260,0.167892157,0.759467758,0.13408393,0.068577277,149800
470370142001 ,857,4957.584,425,47,0.054842474,80,0.093348891,35.1,49,0.057176196,808,0.942823804,0,0,0.046674446,92,444,0.207207207,20030,0.047085202,0.697416974,0.136531365,0.081180812,150000
470370142002 ,1634,6686.607,453,134,0.082007344,35,0.021419829,20.8,351,0.214810282,1228,0.751529988,28,0.017135863,0.047123623,101,697,0.144906743,17150,0.189624329,0.806239737,0.149425287,0.02134647,150000
470370143001 ,629,4211.275,279,43,0.06836248,113,0.179650238,46.3,28,0.044515103,592,0.941176471,0,0,0.036565978,33,237,0.139240506,28625,0.144171779,0.882352941,0.228991597,0.033613445,150300
470370143002 ,1257,3824.834,492,66,0.052505967,84,0.066825776,33.7,252,0.200477327,966,0.76849642,121,0.096260939,0.038186158,59,613,0.096247961,31875,0.271111111,0.712394705,0.108303249,0.044524669,151800
470370144001 ,754,4351.738,278,129,0.171087533,16,0.021220159,16.9,17,0.022546419,608,0.806366048,2,0.00265252,0.082228117,12,302,0.039735099,22742,0.085526316,0.856687898,0.191082803,0.015923567,151800
470370144002 ,592,1067.436,396,0,0,53,0.089527027,29.8,234,0.39527027,272,0.459459459,36,0.060810811,0.065878378,22,366,0.06010929,26154,0.061611374,0.857429719,0.451807229,0.176706827,152000
470370148001 ,319,1886.449,116,16,0.05015674,61,0.191222571,53.2,0,0,319,1,0,0,0,0,135,0,NA,0.064516129,0.752475248,0.092409241,0.02640264,152000
470370148002 ,570,13846.7,285,48,0.084210526,14,0.024561404,23,64,0.112280702,488,0.856140351,82,0.143859649,0,69,259,0.266409266,22577,0.208333333,0.484,0.044,0,152100
470370148003 ,1934,23308.14,600,531,0.274560496,18,0.009307135,13.2,44,0.022750776,1890,0.977249224,0,0,0.04188211,88,371,0.237196765,12850,0.093655589,0.526645768,0.056426332,0.034482759,152200
470370151001 ,1275,2696.932,374,57,0.044705882,183,0.143529412,34.7,1176,0.922352941,17,0.013333333,71,0.055686275,0.065882353,115,792,0.14520202,68889,0,0.808510638,0.246558198,0.058823529,152300
470370151002 ,574,2041.983,230,17,0.029616725,19,0.033101045,46.1,531,0.925087108,1,0.00174216,0,0,0.085365854,1,351,0.002849003,54375,0,0.889784946,0.365591398,0.037634409,152500
470370151003 ,881,1248.74,452,67,0.076049943,187,0.212258797,50.7,806,0.914869467,26,0.029511918,0,0,0.026106697,11,545,0.020183486,48250,0.069958848,0.874831763,0.30282638,0.119784657,152600
470370151004 ,1672,1142.391,737,75,0.044856459,169,0.101076555,34.2,1218,0.7284689,136,0.081339713,156,0.093301435,0.141746411,34,975,0.034871795,46067,0.070617907,0.889261745,0.354865772,0.087248322,152600
470370152001 ,1873,1967.141,801,129,0.068873465,312,0.166577683,47.4,1769,0.944474106,92,0.04911906,321,0.171382808,0.086492258,11,1028,0.010700389,62614,0.107023411,0.861263736,0.238324176,0.043956044,153000
470370152002 ,919,2201.886,375,79,0.085963003,123,0.133841132,35.7,715,0.778019587,33,0.035908596,147,0.159956474,0.155603917,49,495,0.098989899,60642,0,0.8101473,0.371522095,0.130932897,153200
470370153001 ,489,1335.679,203,0,0,130,0.265848671,45.5,416,0.850715746,0,0,0,0,0.042944785,0,293,0,75855,0.194444444,0.966101695,0.600484262,0.121065375,153600
470370153002 ,2602,1034.044,1107,153,0.058800922,538,0.206764028,42.8,2158,0.829362029,413,0.158724058,81,0.0311299,0.06264412,74,1388,0.053314121,61332,0.072087175,0.943703704,0.436049383,0.192098765,153600
470370153003 ,1449,858.3697,571,71,0.04899931,322,0.222222222,46.7,1387,0.95721187,0,0,254,0.175293306,0.093857833,15,846,0.017730496,57589,0.116099071,0.988475177,0.312943262,0.118794326,153700
470370153004 ,1406,586.8574,642,95,0.067567568,68,0.048364154,36.6,1140,0.810810811,266,0.189189189,0,0,0.009246088,13,792,0.016414141,68021,0.053097345,1,0.541993281,0.12206047,153800
470370154011 ,505,276.4944,152,40,0.079207921,71,0.140594059,37.5,427,0.845544554,78,0.154455446,366,0.724752475,0.59009901,9,212,0.04245283,76212,0,0.473154362,0.05033557,0,153900
470370154012 ,1575,1062.817,646,27,0.017142857,422,0.267936508,51.1,1389,0.881904762,55,0.034920635,0,0,0.107301587,68,909,0.074807481,86087,0,0.975629569,0.481722177,0.180341186,154200
470370154013 ,3582,3435.224,1538,174,0.048576214,568,0.158570631,41.8,2911,0.812674484,435,0.121440536,808,0.225572306,0.097710776,145,2364,0.061336717,61594,0.110982659,0.93901543,0.307127112,0.087435709,154700
470370154021 ,639,2574.376,230,9,0.014084507,122,0.190923318,33.7,542,0.848200313,87,0.136150235,244,0.381846635,0.029733959,21,371,0.056603774,72262,0.222972973,0.76,0.17,0.0225,155100
470370154022 ,861,4529.045,334,98,0.113821138,225,0.261324042,47.6,828,0.961672474,12,0.013937282,25,0.029036005,0,6,402,0.014925373,56786,0.05915493,0.925457103,0.358649789,0.026722925,155800
470370154023 ,1113,2283.964,387,86,0.077268643,48,0.043126685,31.2,871,0.782569632,242,0.217430368,55,0.049415993,0,20,782,0.025575448,44413,0,0.905817175,0.163434903,0.059556787,155900
470370154024 ,1344,602.611,663,82,0.061011905,193,0.14360119,39.5,941,0.70014881,326,0.242559524,19,0.014136905,0.023065476,41,913,0.0449069,36182,0,0.923224568,0.25815739,0.049904031,156100
470370154025 ,509,3316.596,193,21,0.041257367,117,0.229862475,43.7,509,1,0,0,0,0,0,25,258,0.096899225,59476,0,0.90521327,0.293838863,0.033175355,156400
470370154041 ,701,1402.313,301,83,0.118402282,55,0.078459344,30.1,492,0.701854494,110,0.156918688,132,0.188302425,0.082738944,57,467,0.122055675,36544,0.12244898,0.953744493,0.129955947,0,156900
470370154042 ,846,2098.743,330,60,0.070921986,139,0.1643026,34.5,736,0.869976359,0,0,172,0.203309693,0.278959811,7,486,0.014403292,43198,0.12,0.711805556,0.086805556,0.034722222,157300
470370154043 ,1207,2058.271,594,44,0.036454018,504,0.417564209,58.3,1094,0.906379453,96,0.07953604,14,0.011599006,0.022369511,63,534,0.117977528,40431,0.313294798,0.911177645,0.345309381,0.093812375,157600
470370154051 ,2976,5506.31,1009,224,0.075268817,250,0.084005376,34.2,2297,0.771841398,395,0.132728495,300,0.100806452,0.092741935,53,1734,0.030565167,61103,0.055243446,0.957087753,0.31388621,0.081485053,158200
470370154052 ,2072,2660.689,874,203,0.097972973,255,0.123069498,38.2,1659,0.800675676,294,0.141891892,131,0.063223938,0.023166023,77,1082,0.07116451,40313,0.077085533,0.87546607,0.214765101,0.042505593,158300
470370155011 ,1638,1177.621,862,24,0.014652015,206,0.125763126,37.5,1444,0.881562882,156,0.095238095,56,0.034188034,0.036019536,71,1201,0.059117402,61452,0.029279279,0.991959064,0.457602339,0.144005848,158600
470370155012 ,324,1326.349,186,0,0,73,0.225308642,54.1,304,0.938271605,6,0.018518519,0,0,0.00308642,19,175,0.108571429,54300,0.122641509,0.945762712,0.081355932,0,159300
470370155013 ,1169,1220.916,500,19,0.016253208,75,0.064157399,30.8,877,0.750213858,180,0.153977759,127,0.108639863,0.03849444,0,731,0,56071,0.197431782,0.926439232,0.334754797,0.109808102,159500
470370155021 ,1191,3794.352,629,97,0.081444165,97,0.081444165,31.7,863,0.724601175,281,0.235936188,23,0.019311503,0.101595298,43,699,0.061516452,29250,0.111581921,0.86351706,0.199475066,0.020997375,159600
470370155022 ,1125,980.4516,457,26,0.023111111,101,0.089777778,35,724,0.643555556,247,0.219555556,0,0,0.177777778,0,640,0,45750,0.039915966,0.853546911,0.321510297,0.084668192,160600
470370155023 ,1500,2692.303,748,113,0.075333333,274,0.182666667,48.2,1341,0.894,84,0.056,18,0.012,0.06,8,841,0.009512485,39063,0.10952381,0.877316858,0.328331862,0.093556929,160700
470370156091 ,517,2457.393,282,0,0,0,0,29.6,330,0.638297872,140,0.270793037,7,0.013539652,0.090909091,9,425,0.021176471,53500,0,1,0.537537538,0,161200
470370156092 ,2291,9754.66,1292,263,0.114797032,90,0.039284155,28.8,1564,0.682671323,170,0.074203405,77,0.033609777,0.209515495,38,1691,0.02247191,55714,0.105882353,0.992866407,0.477302205,0.142671855,161400
470370156093 ,1262,920.2859,602,98,0.077654517,158,0.125198098,36,857,0.679080824,215,0.170364501,101,0.080031696,0.092709984,61,768,0.079427083,70489,0.062305296,0.952202437,0.425492034,0.08153702,161500
470370156101 ,1381,7189.191,611,133,0.096307024,124,0.089790007,33.1,914,0.661839247,426,0.308472122,18,0.013034033,0.074583635,1,993,0.001007049,54401,0.09077381,0.922924901,0.442687747,0.065217391,161700
470370156102 ,4927,970.5647,1809,176,0.035721534,793,0.160949868,45.2,3718,0.754617414,833,0.169068399,209,0.042419322,0.078546783,160,2679,0.059723778,85208,0.029506438,0.956595745,0.392056738,0.124255319,161800
470370156103 ,2522,2243.97,1260,194,0.076923077,119,0.047184774,30.4,1798,0.712926249,566,0.224425059,30,0.011895321,0.05075337,18,1777,0.010129432,51280,0.165562914,0.972619048,0.445833333,0.20952381,163000
470370156121 ,970,287.1632,427,81,0.083505155,62,0.063917526,37.3,649,0.669072165,230,0.237113402,91,0.093814433,0.254639175,40,673,0.059435364,55664,0,0.906976744,0.404924761,0.032831737,163000
470370156122 ,3077,7956.059,1601,345,0.112122197,166,0.053948651,35.8,1392,0.45238869,1598,0.519337017,209,0.067923302,0.066948326,98,2146,0.045666356,47224,0.130836048,0.928057554,0.288669065,0.075089928,163200
470370156123 ,2238,3633.241,951,227,0.101429848,150,0.067024129,30.3,1206,0.538873995,723,0.3230563,129,0.057640751,0.069705094,108,1486,0.072678331,50092,0.043259557,0.985340982,0.333970682,0.069471001,163300
470370156124 ,405,1751.096,155,20,0.049382716,95,0.234567901,35.5,305,0.75308642,100,0.24691358,0,0,0.298765432,0,291,0,NA,0.298642534,0.948881789,0.370607029,0,163600
470370156131 ,1363,1161.647,743,182,0.13352898,105,0.07703595,35,532,0.390315481,589,0.432134996,241,0.176815847,0.203228173,0,950,0,27245,0.033810143,0.888671875,0.208007813,0.0078125,164100
470370156132 ,1628,6240.769,322,342,0.21007371,72,0.044226044,26.8,1025,0.62960688,147,0.09029484,1059,0.6504914,0.431818182,12,643,0.018662519,57308,0.030120482,0.713679745,0.053022269,0.022269353,164100
470370156133 ,1680,2103.429,28,0,0,16,0.00952381,32.4,657,0.391071429,996,0.592857143,107,0.063690476,0.053571429,0,9,0,NA,0,0.706415094,0.052830189,0.013584906,164300
470370156134 ,990,940.9108,511,35,0.035353535,80,0.080808081,39.2,714,0.721212121,275,0.277777778,58,0.058585859,0.24040404,55,655,0.083969466,43114,0.098765432,0.949438202,0.266853933,0.032303371,164300
470370156141 ,1309,6822.891,405,97,0.074102368,125,0.095492743,29.7,690,0.527119939,279,0.213139801,569,0.434682964,0.230710466,31,706,0.043909348,37083,0.01937046,0.828125,0.361979167,0.033854167,164500
470370156142 ,3263,5581.598,1202,283,0.086730003,106,0.032485443,33.3,1864,0.571253448,893,0.273674533,572,0.175298805,0.392889979,34,2013,0.016890214,47972,0.013945857,0.861501211,0.339951574,0.094915254,164700
470370156151 ,3181,5546.211,915,470,0.147752279,81,0.025463691,28.2,2125,0.668028922,367,0.115372524,1303,0.409619616,0.303678089,122,1534,0.079530639,37946,0.044885177,0.684709821,0.119977679,0.033482143,165000
470370156152 ,1937,6720.906,665,60,0.030975736,127,0.065565307,32.7,838,0.432627775,694,0.358286009,540,0.278781621,0.276716572,158,1031,0.153249273,47321,0.047277937,0.835322196,0.30708035,0.079554495,165400
470370156171 ,1033,3438.927,392,13,0.012584705,206,0.199419167,46.4,614,0.594385286,403,0.390125847,4,0.003872217,0.022265247,49,592,0.08277027,64643,0.090487239,0.834951456,0.367718447,0.133495146,165900
470370156172 ,1346,1467.273,604,107,0.079494799,174,0.129271917,44.8,945,0.702080238,382,0.283803863,55,0.040861813,0.085438336,47,829,0.056694813,67955,0.075038285,0.967413442,0.400203666,0.150712831,165900
470370156181 ,1178,3026.002,475,79,0.067062818,196,0.166383701,38,615,0.522071307,527,0.447368421,73,0.06196944,0.127334465,48,672,0.071428571,41458,0.072265625,0.97615894,0.169536424,0,166400
470370156182 ,1479,6637.393,565,277,0.187288709,127,0.08586883,30.1,799,0.540229885,650,0.439486139,442,0.298850575,0.283975659,0,772,0,49089,0.211994421,0.928735632,0.342528736,0.113793103,166700
470370156183 ,940,5595.251,350,46,0.04893617,70,0.074468085,43.6,505,0.537234043,435,0.462765957,119,0.126595745,0.260638298,11,607,0.018121911,47794,0,0.779635258,0.132218845,0.109422492,167100
470370156184 ,2099,3173.362,909,85,0.040495474,246,0.117198666,40.6,932,0.444020962,989,0.471176751,60,0.02858504,0.097189138,169,1485,0.113804714,54088,0,0.939008043,0.276809651,0.105227882,167400
470370156191 ,1554,1810.981,527,70,0.045045045,61,0.039253539,35.7,1016,0.653796654,353,0.227155727,163,0.104890605,0.168597169,14,852,0.016431925,62232,0.011257036,0.921282799,0.531584062,0.151603499,167500
470370156192 ,1607,2922.968,572,86,0.053515868,220,0.136901058,43,860,0.535158681,601,0.373988799,112,0.069695084,0.156813939,60,767,0.078226858,70056,0.025553663,0.925589837,0.412885662,0.127949183,167600
470370156193 ,2057,1515.584,854,113,0.05493437,253,0.122994652,35.4,965,0.469129801,1005,0.488575596,221,0.107438017,0.098201264,15,1310,0.011450382,61210,0.018390805,0.990424077,0.373461012,0.114911081,167700
470370156201 ,2467,8136.889,801,387,0.156870693,283,0.114714228,31.9,930,0.376976084,768,0.311309283,968,0.392379408,0.415889745,13,1214,0.010708402,30250,0.087699317,0.782930108,0.315860215,0.155241935,167800
470370156202 ,3124,6470.341,1061,225,0.072023047,85,0.027208707,35.1,1639,0.524647887,1485,0.475352113,106,0.033930858,0.221510883,61,1555,0.039228296,54931,0,0.859319451,0.135093956,0.069070594,168500
470370156203 ,2122,3748.181,866,97,0.045711593,240,0.113100848,46.2,892,0.420358153,951,0.448162111,189,0.089066918,0.197455231,95,1433,0.066294487,54191,0,0.898854962,0.20610687,0.058524173,168700
470370156221 ,1073,1122.185,426,4,0.003727866,49,0.045666356,45.6,1009,0.940354147,64,0.059645853,32,0.029822926,0.018639329,54,793,0.068095839,87273,0,0.934837093,0.503759398,0.197994987,168800
470370156222 ,3106,2223.104,1155,226,0.072762395,296,0.09529942,35,2070,0.666452028,901,0.290083709,313,0.100772698,0.131680618,112,1735,0.064553314,71635,0,0.915779284,0.316553727,0.130687318,169200
470370156231 ,3354,2978.583,1492,538,0.160405486,239,0.071258199,29.3,1097,0.327072153,1927,0.574537865,160,0.047704234,0.098389982,242,1775,0.136338028,30256,0.083538084,0.766319773,0.232261116,0.03500473,169700
470370156232 ,2308,2345.235,893,346,0.149913345,305,0.132149047,35.4,1958,0.848353553,223,0.096620451,280,0.121317158,0.098786828,42,1225,0.034285714,80541,0.011074197,0.929856115,0.457434053,0.210431655,170200
470370156241 ,3319,4432.958,1301,233,0.070201868,230,0.069297981,33.9,1872,0.564025309,1339,0.40343477,273,0.082253691,0.065381139,192,2091,0.091822095,54283,0.068718683,0.937888199,0.271960958,0.08296362,170500
470370156242 ,1739,2597.438,877,65,0.037377803,70,0.040253019,30.6,1481,0.851638873,87,0.050028752,69,0.039677976,0.024151811,46,1162,0.039586919,47469,0.122122122,0.948231234,0.421915444,0.090595341,171000
470370156251 ,2065,5068.393,941,55,0.026634383,194,0.093946731,42.8,1504,0.728329298,448,0.216949153,75,0.036319613,0.207748184,171,1294,0.132148377,47382,0.014659686,0.919354839,0.319775596,0.119915849,171100
470370156252 ,3211,979.6392,1421,211,0.065711616,281,0.087511679,37.2,2543,0.79196512,543,0.169106197,137,0.042665836,0.064154469,96,2094,0.045845272,61850,0.05518617,0.908818493,0.407962329,0.086044521,171400
470370156261 ,4044,4942.389,1615,213,0.052670623,230,0.056874382,32.8,1789,0.442383778,1783,0.440900099,459,0.113501484,0.321216617,103,2436,0.04228243,35274,0.018833536,0.934407796,0.284107946,0.065217391,172000
470370156262 ,2664,5413.36,1150,224,0.084084084,79,0.029654655,28.9,685,0.257132132,1590,0.596846847,165,0.061936937,0.303678679,86,1712,0.050233645,42500,0.056603774,0.910165485,0.276595745,0.108747045,172200
470370156271 ,1439,1837.284,441,88,0.061153579,115,0.079916609,32.6,725,0.503822099,398,0.276580959,349,0.242529534,0.217512161,36,724,0.049723757,42411,0.037117904,0.677060134,0.142538976,0.023385301,172400
470370156272 ,1552,1559.619,524,113,0.072809278,109,0.070231959,34.3,559,0.360180412,807,0.519974227,133,0.085695876,0.1875,61,808,0.07549505,54881,0.080701754,0.845595855,0.214507772,0.070466321,173200
470370156281 ,1407,2540.943,463,176,0.125088842,0,0,29,575,0.408670931,507,0.360341151,535,0.380241649,0.397299218,19,849,0.02237927,49539,0.072144289,0.802696078,0.363970588,0.106617647,173500
470370156282 ,2321,8237.304,1097,220,0.09478673,237,0.102111159,29.3,881,0.379577768,1387,0.597587247,280,0.120637656,0.198190435,132,1349,0.097850259,36179,0.140955364,0.868471954,0.184397163,0.02901354,174800
470370156291 ,907,2877.803,471,25,0.027563396,0,0,28.3,521,0.574421169,332,0.366041896,0,0,0.022050717,24,750,0.032,40125,0.138939671,0.971717172,0.646464646,0.064646465,175600
470370156292 ,3441,2453.859,1516,278,0.080790468,190,0.055216507,30.6,1183,0.343795408,2125,0.617553037,138,0.040104621,0.20110433,53,1940,0.027319588,46928,0,0.907016061,0.439983094,0.184699915,175800
470370156293 ,1593,2305.229,693,263,0.165097301,0,0,27.2,885,0.555555556,500,0.313873195,0,0,0.036409291,62,1017,0.060963618,47592,0.057142857,0.999018646,0.469087341,0.135426889,176300
470370156301 ,1248,3779.422,346,79,0.063301282,43,0.034455128,26.9,666,0.533653846,546,0.4375,81,0.064903846,0.266025641,119,724,0.164364641,63750,0.098958333,0.943925234,0.481975968,0.098798398,176900
470370156302 ,2902,638.3159,1248,313,0.107856651,101,0.034803584,31.4,1153,0.397312198,1485,0.511716058,367,0.126464507,0.128532047,55,1879,0.029270889,62375,0.058113208,0.963900862,0.461206897,0.184267241,178800
470370156311 ,4442,2471.228,1328,383,0.086222422,458,0.103106709,36.7,1856,0.417829806,1727,0.388788834,733,0.165015759,0.155785682,239,2565,0.093177388,72794,0.065446868,0.80952381,0.18662465,0.045868347,178900
470370156312 ,3365,1095.172,1159,350,0.104011887,165,0.049034175,30.9,1305,0.38781575,1588,0.47191679,203,0.060326895,0.175037147,343,2073,0.165460685,47813,0.077229299,0.887080366,0.294506612,0.105798576,179200
470370156313 ,2877,345.8475,867,224,0.077858881,66,0.022940563,31.4,1860,0.646506778,829,0.288147376,385,0.133819951,0.094195342,84,1749,0.048027444,58954,0.05349345,0.981640849,0.399885255,0.061388411,180700
470370157001 ,1624,998.57,592,146,0.089901478,168,0.103448276,35.2,1281,0.788793103,261,0.160714286,602,0.370689655,0.206896552,68,885,0.076836158,40982,0.027914614,0.816091954,0.187444739,0.048629531,181500
470370158021 ,1714,11536.33,656,206,0.120186698,123,0.07176196,27.9,745,0.434655776,561,0.327304551,589,0.343640607,0.327887981,80,832,0.096153846,26744,0.05065123,0.424430642,0.082815735,0.026915114,184500
470370158022 ,1004,6154.859,329,46,0.045816733,27,0.02689243,27.6,823,0.819721116,143,0.142430279,489,0.487051793,0.331673307,67,490,0.136734694,31681,0,0.780487805,0.080675422,0,184800
470370158023 ,2435,3344.265,1249,92,0.037782341,159,0.065297741,30.1,1786,0.733470226,605,0.248459959,261,0.107186858,0.199589322,23,1716,0.013403263,29821,0.107219442,0.795782464,0.277469478,0.037735849,184800
470370158024 ,962,1701.271,431,44,0.045738046,127,0.132016632,37,372,0.386694387,257,0.267151767,98,0.101871102,0.197505198,22,613,0.03588907,47604,0,0.839669421,0.304132231,0.054545455,185300
470370158031 ,1903,4505.406,605,237,0.1245402,35,0.018392013,27.8,1167,0.613242249,377,0.19810825,647,0.33998949,0.591171834,19,1017,0.018682399,34837,0.254926108,0.652830189,0.059433962,0.011320755,185800
470370158032 ,719,2134.548,285,69,0.09596662,18,0.025034771,31.5,560,0.778859527,145,0.201668985,321,0.446453408,0.45340751,33,428,0.077102804,28125,0.206128134,0.653608247,0.086597938,0.008247423,185900
470370158041 ,1569,5422.188,741,176,0.112173359,186,0.118546845,35.3,845,0.538559592,390,0.248565966,598,0.381134481,0.270873168,83,1000,0.083,39464,0.012,0.712623098,0.222023277,0.085944494,186200
470370158042 ,1845,9436.477,955,70,0.037940379,48,0.02601626,31.2,886,0.480216802,778,0.421680217,91,0.049322493,0.193495935,63,1343,0.046909903,37772,0,0.941529235,0.441529235,0.073463268,186600
470370158043 ,1073,6786.498,444,149,0.138863001,69,0.064305685,27,450,0.419384902,522,0.486486486,117,0.109040075,0.375582479,48,587,0.081771721,39063,0,0.850082372,0.224052718,0.115321252,187500
470370159001 ,1831,3411.988,759,0,0,406,0.221736756,49.5,1305,0.712725287,442,0.241398143,42,0.022938285,0.036045877,89,630,0.141269841,9453,0.1375,0.76910017,0.123089983,0.040747029,188700
470370159002 ,1130,707.8702,404,194,0.171681416,91,0.080530973,29.2,898,0.794690265,162,0.143362832,438,0.387610619,0.204424779,0,529,0,28125,0,0.736918605,0.140988372,0.033430233,189100
470370160001 ,910,2033.703,410,67,0.073626374,56,0.061538462,33.5,202,0.221978022,681,0.748351648,10,0.010989011,0.025274725,54,476,0.113445378,34688,0.129511677,0.767676768,0.158249158,0.03030303,192500
470370161001 ,936,1620.298,403,17,0.018162393,94,0.10042735,29,677,0.723290598,254,0.271367521,17,0.018162393,0.018162393,25,671,0.037257824,51458,0.1724846,0.854771784,0.395573997,0.089903181,192700
470370161002 ,1082,1803.157,563,31,0.028650647,67,0.061922366,38.4,234,0.216266174,833,0.76987061,29,0.026802218,0.072088725,76,597,0.127303183,23170,0.027633851,0.702072539,0.123056995,0.006476684,194700
470370162001 ,568,2110.951,259,0,0,130,0.228873239,53.6,123,0.216549296,445,0.783450704,82,0.144366197,0.049295775,17,263,0.064638783,24375,0,0.609345794,0.157009346,0.112149533,195800
470370162002 ,1456,7357.389,443,200,0.137362637,72,0.049450549,16.3,166,0.114010989,1281,0.879807692,13,0.008928571,0.010989011,79,385,0.205194805,20417,0.187155963,0.686200378,0.079395085,0.007561437,196800
470370162003 ,612,3857.845,380,16,0.026143791,106,0.173202614,38.5,361,0.589869281,227,0.370915033,28,0.045751634,0.070261438,7,433,0.016166282,37500,0.247524752,0.890946502,0.576131687,0.273662551,198400
470370162004 ,624,7528.509,302,16,0.025641026,120,0.192307692,37,457,0.732371795,155,0.248397436,26,0.041666667,0,0,408,0,23750,0.022653722,0.841191067,0.23325062,0.049627792,200000
470370163001 ,734,3334.797,348,5,0.006811989,86,0.117166213,34,515,0.701634877,171,0.232970027,11,0.014986376,0.148501362,22,535,0.041121495,52946,0.230088496,0.918584071,0.497345133,0.191150442,202100
470370163002 ,1219,18759.67,294,200,0.164068909,44,0.03609516,18.8,244,0.200164069,970,0.795734208,14,0.011484824,0.011484824,56,341,0.164222874,15811,0.164772727,0.628415301,0.133879781,0.079234973,203200
470370163003 ,675,4844.762,302,13,0.019259259,24,0.035555556,33.3,467,0.691851852,169,0.25037037,24,0.035555556,0.094814815,10,394,0.025380711,50417,0.12716763,0.949891068,0.509803922,0.20043573,203300
470370164001 ,2234,9613.027,430,0,0,45,0.020143241,19.6,1685,0.754252462,256,0.114592659,125,0.055953447,0.075201432,64,912,0.070175439,31111,0.199255121,1,0.720430108,0.221505376,203400
470370164002 ,1921,9356.08,637,13,0.006767309,299,0.1556481,21.9,1587,0.826132223,231,0.12024987,69,0.035918792,0.055179594,99,845,0.117159763,30875,0.11281337,0.946406821,0.580998782,0.213154689,203600
470370165001 ,524,2945.647,313,11,0.020992366,0,0,26.1,414,0.790076336,7,0.013358779,29,0.055343511,0.169847328,0,306,0,31406,0.304444444,0.962068966,0.855172414,0.513793103,203600
470370165002 ,2161,14006.45,0,0,0,0,0,20.3,1515,0.701064322,361,0.167052291,80,0.037019898,0.079592781,101,891,0.11335578,NA,0,1,0.742857143,0,204200
470370165003 ,798,12517.7,0,0,0,0,0,21.2,666,0.834586466,48,0.060150376,41,0.051378446,0.071428571,39,346,0.112716763,NA,0,0,0,0,204200
470370165004 ,976,5043.693,0,0,0,15,0.015368852,20.6,678,0.694672131,132,0.135245902,59,0.06045082,0.103483607,17,392,0.043367347,NA,0,0.333333333,0,0,204500
470370166001 ,1725,4309.252,1021,43,0.024927536,61,0.035362319,29.4,1442,0.835942029,21,0.012173913,26,0.015072464,0.105507246,12,1477,0.008124577,71705,0.149875104,0.994444444,0.858333333,0.459027778,204700
470370166002 ,1022,6544.271,810,31,0.030332681,65,0.063600783,44.1,619,0.605675147,282,0.27592955,54,0.052837573,0.112524462,33,529,0.062381853,20816,0.066820276,0.774158523,0.605863192,0.361563518,205900
470370167001 ,2013,5387.239,930,55,0.027322404,479,0.237953304,40.4,1737,0.862891207,91,0.04520616,53,0.026328862,0.099850969,33,1032,0.031976744,82969,0.120982987,0.974632844,0.827102804,0.461281709,206200
470370167002 ,1702,4707.329,780,75,0.044065805,211,0.123971798,33.6,1469,0.863102233,59,0.0346651,16,0.009400705,0.058754407,15,1256,0.011942675,102357,0.113636364,0.978622328,0.753760887,0.422011085,208500
470370167003 ,643,4346.094,286,105,0.163297045,152,0.236391913,41.2,643,1,0,0,11,0.017107309,0.029548989,0,281,0,117115,0.203342618,1,0.884353741,0.696145125,209600
470370167004 ,748,1737.753,407,10,0.013368984,123,0.164438503,44.6,748,1,0,0,12,0.016042781,0.021390374,0,483,0,63173,0,0.967164179,0.786567164,0.220895522,209700
470370168001 ,1797,8554.225,805,151,0.084028937,77,0.042849193,29.3,1372,0.763494713,216,0.120200334,52,0.028937117,0.100166945,30,1243,0.024135157,78210,0.095505618,1,0.803807947,0.389072848,210000
470370168002 ,1204,8240.958,652,63,0.052325581,110,0.091362126,28.9,821,0.681893688,35,0.029069767,61,0.050664452,0.294019934,102,855,0.119298246,53130,0.114130435,0.999011858,0.843873518,0.535573123,210900
470370168003 ,1060,5148.184,470,0,0,37,0.03490566,26.8,895,0.844339623,144,0.135849057,0,0,0.049056604,99,618,0.160194175,54333,0.044715447,0.934891486,0.901502504,0.358931553,211300
470370168004 ,628,5899.98,274,23,0.036624204,23,0.036624204,36.6,555,0.883757962,0,0,21,0.03343949,0.149681529,17,360,0.047222222,79063,0,0.925480769,0.540865385,0.295673077,211700
470370169001 ,848,5203.921,338,111,0.130896226,102,0.120283019,31.5,676,0.797169811,159,0.1875,0,0,0,0,483,0,76957,0,0.959501558,0.741433022,0.285046729,212300
470370169002 ,1111,5588.56,437,31,0.02790279,120,0.108010801,35.1,992,0.892889289,13,0.01170117,0,0,0.03690369,20,737,0.027137042,127991,0.083857442,0.957507082,0.85694051,0.556657224,212500
470370169003 ,1072,4078.511,452,70,0.065298507,123,0.114738806,43,849,0.791977612,101,0.094216418,0,0,0.07369403,17,640,0.0265625,91750,0.075664622,0.95291202,0.682775713,0.327137546,212800
470370169004 ,1002,6429.078,521,42,0.041916168,73,0.072854291,32.7,646,0.644710579,99,0.098802395,46,0.045908184,0.193612774,48,698,0.068767908,57109,0,0.964959569,0.809973046,0.443396226,215500
470370169005 ,876,5647.816,398,0,0,7,0.007990868,36.3,747,0.852739726,0,0,91,0.103881279,0.111872146,11,767,0.014341591,116250,0,1,0.815718157,0.474254743,216300
470370170001 ,1331,4829.596,556,179,0.134485349,168,0.126220887,35,995,0.747558227,307,0.230653644,0,0,0.003005259,37,835,0.044311377,90375,0.019400353,0.970788705,0.689386563,0.317429406,217400
470370170002 ,596,4391.446,219,44,0.073825503,51,0.08557047,38.6,268,0.44966443,328,0.55033557,9,0.015100671,0.030201342,0,338,0,77813,0.164122137,0.946210269,0.466992665,0.166259169,219400
470370170003 ,1706,11999.48,338,45,0.026377491,27,0.015826495,21.1,1338,0.784290739,255,0.14947245,66,0.038686987,0.050996483,57,971,0.058702369,52273,0.269978402,0.93059126,0.508997429,0.267352185,220100
470370171001 ,888,6789.28,472,67,0.07545045,34,0.038288288,29.4,810,0.912162162,71,0.079954955,40,0.045045045,0.012387387,30,704,0.042613636,51591,0.130755064,1,0.726821192,0.23013245,220300
470370171002 ,615,3019.664,356,6,0.009756098,73,0.118699187,30.3,416,0.676422764,175,0.284552846,8,0.01300813,0.016260163,22,463,0.047516199,56284,0.118811881,0.939461883,0.580717489,0.210762332,220800
470370171003 ,751,2348.902,379,53,0.07057257,89,0.118508655,34.3,649,0.864181092,85,0.113182423,40,0.053262317,0.051930759,18,547,0.032906764,59028,0.134703196,0.971153846,0.719551282,0.330128205,223700
470370172001 ,613,675.0493,319,9,0.014681892,64,0.104404568,37.5,563,0.918433931,27,0.044045677,53,0.086460033,0.073409462,39,483,0.080745342,50089,0.053412463,0.915057915,0.436293436,0.16988417,225000
470370172002 ,846,1306.076,324,72,0.085106383,100,0.11820331,32.2,700,0.827423168,84,0.09929078,316,0.373522459,0.229314421,10,474,0.021097046,36250,0.066282421,0.606284658,0.208872458,0.057301294,226300
470370173001 ,1749,5235.667,624,76,0.043453402,82,0.046883934,29.6,1128,0.644939966,148,0.084619783,640,0.365923385,0.354488279,99,1072,0.092350746,42278,0.058823529,0.774223895,0.22953904,0.047977422,226400
470370173002 ,671,2141.056,290,0,0,48,0.071535022,36.6,616,0.918032787,47,0.070044709,390,0.581222057,0.369597615,25,421,0.059382423,26186,0.061488673,0.70464135,0.107594937,0.050632911,226400
470370173003 ,917,3464.799,330,81,0.088331516,22,0.023991276,33.4,661,0.72082879,248,0.27044711,0,0,0.092693566,29,567,0.051146384,38000,0.110512129,0.87654321,0.307098765,0.066358025,230200
470370174011 ,1714,3850.739,671,138,0.080513419,119,0.069428238,35.1,1341,0.782380397,223,0.130105018,588,0.343057176,0.320886814,18,1064,0.016917293,42269,0.064156206,0.767275616,0.161239079,0.037331215,230300
470370174012 ,706,2418.491,288,46,0.065155807,104,0.147308782,30.2,458,0.648725212,158,0.223796034,183,0.259206799,0.228045326,0,377,0,37875,0.094339623,0.902807775,0.149028078,0.021598272,231300
470370174021 ,1510,5849.36,549,27,0.017880795,44,0.029139073,28.5,1418,0.939072848,56,0.037086093,894,0.59205298,0.354304636,162,798,0.203007519,32140,0.07106599,0.886836028,0.351039261,0.042725173,233100
470370174022 ,832,4481.861,508,0,0,135,0.162259615,46.9,646,0.776442308,43,0.051682692,123,0.147836538,0.067307692,0,568,0,50662,0.084684685,0.866751269,0.375634518,0.112944162,233300
470370174023 ,806,2376.355,316,0,0,150,0.186104218,48.5,713,0.884615385,25,0.03101737,28,0.034739454,0.047146402,30,413,0.072639225,41163,0,0.886657102,0.216642755,0.048780488,235200
470370174024 ,1762,6620.07,674,183,0.103859251,169,0.095913734,32.9,1252,0.710556186,334,0.189557321,815,0.462542565,0.389330306,20,1002,0.01996008,30667,0.06518724,0.693961952,0.133167907,0.00165426,237100
470370174025 ,1110,5381.103,473,35,0.031531532,16,0.014414414,27.3,743,0.669369369,78,0.07027027,148,0.133333333,0.246846847,0,673,0,39583,0.097328244,0.964788732,0.716901408,0.273239437,241200
470370175001 ,849,2209.172,389,31,0.036513545,67,0.078916372,34.6,744,0.876325088,41,0.048292108,248,0.292108363,0.197879859,63,586,0.107508532,32083,0.16344086,0.824675325,0.196428571,0.042207792,241300
470370175002 ,927,3805.751,574,28,0.030204962,304,0.32793959,55.5,799,0.861920173,82,0.088457389,44,0.047464941,0.061488673,18,506,0.035573123,26667,0,0.696473552,0.215365239,0.071788413,242700
470370175003 ,1137,2311.966,359,76,0.066842568,68,0.059806508,29.9,931,0.81882146,135,0.118733509,202,0.17766051,0.153034301,21,510,0.041176471,34708,0.016438356,0.67340591,0.222395023,0.038880249,245800
470370177011 ,1320,821.2751,426,98,0.074242424,173,0.131060606,39.2,1161,0.879545455,24,0.018181818,52,0.039393939,0.060606061,25,672,0.037202381,152500,0.053333333,0.949411765,0.698823529,0.352941176,249500
470370177012 ,996,2307.147,437,55,0.055220884,134,0.134538153,34.8,922,0.925702811,46,0.046184739,5,0.00502008,0.045180723,3,698,0.004297994,83657,0.052060738,1,0.867069486,0.410876133,255100
470370177021 ,1774,2692.16,768,143,0.080608794,288,0.162344983,38.8,1740,0.980834273,4,0.002254791,66,0.037204059,0.020293123,19,1046,0.018164436,97750,0,0.980165289,0.700826446,0.314049587,259800
470370177022 ,1364,2920.523,728,35,0.025659824,323,0.236803519,44.3,1283,0.940615836,56,0.041055718,17,0.012463343,0.041055718,0,812,0,81250,0.010869565,0.98989899,0.767676768,0.40312213,263800
470370177023 ,1656,11260.76,61,0,0,0,0,19.7,1436,0.867149758,137,0.082729469,60,0.036231884,0.039251208,88,880,0.1,105350,0,1,0.469026549,0.309734513,268300
470370178001 ,1101,2886.901,566,80,0.072661217,180,0.163487738,39.9,1020,0.926430518,54,0.049046322,0,0,0,0,783,0,106838,0.025817556,1,0.689017341,0.289017341,269000
470370178002 ,1342,3036.867,599,103,0.076751118,188,0.140089419,33.2,1250,0.931445604,0,0,55,0.040983607,0.018628912,24,828,0.028985507,78603,0.085496183,1,0.709611452,0.314928425,270000
470370178003 ,664,3285.964,435,14,0.021084337,65,0.097891566,31.2,616,0.927710843,22,0.03313253,11,0.016566265,0.016566265,65,565,0.115044248,39882,0.108606557,1,0.582608696,0.375652174,271100
470370178004 ,1706,5722.685,839,87,0.050996483,67,0.039273154,27.9,1594,0.934349355,25,0.014654162,0,0,0.054513482,15,1332,0.011261261,89191,0.062569832,0.94639866,0.786432161,0.224455611,271300
470370178005 ,513,2084.208,285,0,0,124,0.2417154,53.1,258,0.502923977,210,0.409356725,11,0.021442495,0.040935673,0,251,0,NA,0.154302671,0.905707196,0.769230769,0.540942928,271700
470370179011 ,561,3039.472,264,13,0.023172906,24,0.042780749,24.5,494,0.88057041,28,0.049910873,10,0.017825312,0.021390374,0,320,0,51667,0.314285714,0.954887218,0.586466165,0.360902256,272200
470370179012 ,1689,3271.089,857,0,0,676,0.400236827,57.1,1507,0.892243931,31,0.018354056,20,0.011841326,0.030787448,0,978,0,135213,0.069489685,0.977832512,0.687807882,0.407635468,273100
470370179013 ,734,2337.123,320,40,0.054495913,194,0.264305177,42,734,1,0,0,0,0,0,0,374,0,151125,0.205955335,1,0.916824197,0.468809074,273400
470370179014 ,1419,1882.814,566,96,0.067653277,292,0.205778717,47.7,1419,1,0,0,174,0.122621564,0.013389711,24,641,0.037441498,144605,0,1,0.88465205,0.399428027,273500
470370179021 ,1132,1815.318,482,69,0.060954064,170,0.150176678,39.8,832,0.734982332,164,0.144876325,68,0.060070671,0.100706714,0,474,0,140978,0.158813264,1,0.917900404,0.473755047,273800
470370179022 ,1404,5815.692,864,80,0.056980057,349,0.248575499,47.5,1346,0.958689459,0,0,0,0,0.082621083,17,765,0.022222222,61328,0.055737705,1,0.706726457,0.332735426,279800
470370179023 ,2256,3383.031,1053,141,0.0625,575,0.254875887,39.8,2097,0.929521277,69,0.030585106,92,0.040780142,0.038120567,78,1252,0.062300319,74028,0,0.964712919,0.794856459,0.42284689,281000
470370180001 ,788,2762.265,423,64,0.081218274,125,0.158629442,47.3,704,0.893401015,29,0.03680203,0,0,0.118020305,0,638,0,87697,0.064159292,1,0.675425039,0.384853168,281300
470370180002 ,723,1838.871,299,14,0.019363762,139,0.192254495,53.4,723,1,0,0,0,0,0.049792531,15,393,0.038167939,248162,0.321995465,1,0.960413081,0.635111876,285100
470370180003 ,1042,2555.261,469,188,0.180422265,245,0.23512476,41.8,990,0.950095969,0,0,12,0.011516315,0.090211132,0,471,0,131683,0.032989691,0.98256538,0.752179328,0.481942715,285400
470370180004 ,1579,4323.606,816,66,0.041798607,239,0.151361621,28.9,1380,0.873970868,0,0,0,0,0.026599113,32,1101,0.029064487,75833,0.108196721,1,0.806421152,0.474032106,286100
470370180005 ,918,4118.17,588,64,0.069716776,291,0.316993464,57.2,918,1,0,0,0,0,0.005446623,15,450,0.033333333,71833,0,0.993811881,0.873762376,0.47029703,286600
470370181011 ,959,3933.795,537,46,0.047966632,104,0.108446298,37.3,882,0.919708029,0,0,13,0.013555787,0.060479666,45,705,0.063829787,59018,0.062827225,0.927872861,0.601466993,0.2799511,288300
470370181012 ,1815,2728.319,877,306,0.168595041,113,0.062258953,29.5,975,0.537190083,479,0.263911846,179,0.09862259,0.074931129,17,1038,0.016377649,31156,0.119477912,0.897007042,0.440140845,0.146126761,292300
470370181013 ,2876,7307.056,987,264,0.091794159,163,0.056675939,28,1245,0.432892907,821,0.285465925,548,0.19054242,0.164812239,43,1662,0.025872443,38734,0,0.6277884,0.071383047,0.019757808,295700
470370181021 ,758,1244.069,329,51,0.067282322,157,0.207124011,42.7,684,0.90237467,8,0.01055409,14,0.018469657,0.068601583,19,475,0.04,69583,0.06,0.971088435,0.600340136,0.294217687,295800
470370181022 ,1634,2106.544,1039,47,0.02876377,665,0.406976744,56.7,1441,0.881884945,96,0.05875153,83,0.050795594,0.077723378,27,828,0.032608696,56411,0,0.925901202,0.536048064,0.222296395,296300
470370181023 ,1327,904.8997,471,19,0.014318011,200,0.150715901,49.8,1302,0.981160512,0,0,0,0,0.025621703,31,663,0.046757164,160417,0.016701461,1,0.772340426,0.329787234,297300
470370182011 ,1047,1373.973,436,123,0.11747851,88,0.084049666,37.5,934,0.892072588,15,0.014326648,13,0.012416428,0.050620821,6,665,0.009022556,81538,0.117408907,0.946716233,0.690210657,0.325898389,298900
470370182012 ,1013,1093.486,429,70,0.069101678,278,0.274432379,52.9,927,0.915103653,0,0,38,0.03751234,0.010858835,11,478,0.023012552,88563,0.073434125,0.992555831,0.656327543,0.246898263,299900
470370182013 ,1009,912.5386,405,31,0.030723489,173,0.171456888,44,971,0.962338949,0,0,0,0,0.052527255,0,405,0,111625,0,0.985652798,0.789096126,0.338593974,302400
470370182021 ,1105,1095.388,427,50,0.045248869,163,0.147511312,38.8,673,0.609049774,270,0.244343891,162,0.146606335,0.063348416,15,564,0.026595745,76696,0.097251586,0.937414966,0.646258503,0.262585034,304300
470370182022 ,3456,2966.013,1639,105,0.030381944,331,0.095775463,31,2587,0.748553241,490,0.141782407,68,0.019675926,0.171585648,194,2293,0.084605321,65186,0.117393646,0.929213483,0.487265918,0.125468165,313400
470370182023 ,2911,1644.471,1297,142,0.048780488,200,0.068704912,29.7,2042,0.701477156,622,0.213672278,83,0.028512539,0.120920646,197,2121,0.092880717,61211,0.117687075,0.99,0.643636364,0.279090909,316200
470370182031 ,820,1253.739,271,36,0.043902439,127,0.154878049,45,799,0.974390244,0,0,49,0.059756098,0.023170732,5,422,0.011848341,203036,0.114379085,0.987341772,0.801084991,0.388788427,317900
470370182032 ,676,1527.892,273,25,0.036982249,189,0.279585799,52.3,635,0.939349112,41,0.060650888,0,0,0.059171598,0,321,0,99750,0.028469751,0.964214712,0.687872763,0.262425447,319700
470370183011 ,1872,277.0738,747,183,0.09775641,260,0.138888889,38.8,1727,0.922542735,53,0.028311966,21,0.011217949,0.033119658,0,1041,0,108365,0,0.888260255,0.519094767,0.139321075,323200
470370183012 ,1173,64.51575,357,0,0,179,0.152600171,52.5,1151,0.981244672,22,0.018755328,0,0,0,13,631,0.020602219,58904,0.109725686,0.864632984,0.348903718,0.043851287,324700
470370183013 ,2774,1299.512,1164,189,0.06813266,293,0.105623648,30.2,1726,0.6222062,650,0.234318673,347,0.125090123,0.226748378,10,1563,0.006397953,36489,0.067307692,0.819815195,0.424537988,0.124229979,325300
470370183014 ,2569,422.9232,801,121,0.047100039,255,0.099260413,36.3,2211,0.860646166,34,0.013234722,130,0.050603348,0.126508369,19,1372,0.013848397,98689,0.049822064,0.937919463,0.533557047,0.242729306,325300
470370183021 ,2631,134.8421,997,184,0.069935386,275,0.104522995,38.9,2458,0.934245534,86,0.032687191,115,0.043709616,0.052451539,31,1453,0.021335169,88009,0.083639706,0.984453082,0.547473626,0.233203776,326000
470370184011 ,1480,1878.376,644,120,0.081081081,60,0.040540541,25.9,741,0.500675676,488,0.32972973,209,0.141216216,0.216891892,22,990,0.022222222,54286,0.230585424,1,0.57912844,0.233944954,326300
470370184012 ,1412,2713.23,697,93,0.065864023,175,0.123937677,30.1,898,0.635977337,297,0.210339943,23,0.016288952,0.242917847,27,896,0.030133929,58068,0,0.941281139,0.521352313,0.21975089,327800
470370184013 ,1685,4733.289,918,11,0.00652819,325,0.192878338,37.4,1286,0.763204748,207,0.122848665,61,0.03620178,0.073590504,66,1202,0.054908486,59412,0.048704663,0.978917779,0.473647224,0.160224877,328000
470370184014 ,803,2221.534,397,25,0.03113325,95,0.118306351,45.4,732,0.911581569,40,0.0498132,75,0.093399751,0.02241594,9,481,0.018711019,54240,0,0.959150327,0.406862745,0.142156863,329100
470370184015 ,1056,2138.439,424,51,0.048295455,178,0.168560606,38.2,866,0.820075758,190,0.179924242,0,0,0.025568182,64,604,0.105960265,48500,0.134693878,0.860665845,0.378545006,0.091245376,333700
470370184041 ,2505,559.0283,1182,68,0.027145709,450,0.179640719,39,2388,0.953293413,21,0.008383234,84,0.033532934,0.091017964,55,1629,0.033763045,60662,0.123145401,0.978463045,0.614292707,0.313264807,334400
470370184042 ,1344,987.0465,698,0,0,271,0.201636905,36.6,1146,0.852678571,176,0.130952381,34,0.025297619,0.087053571,9,879,0.010238908,68269,0.043835616,0.996313364,0.649769585,0.270046083,334800
470370184043 ,766,2527.056,328,47,0.061357702,81,0.105744125,25.7,523,0.682767624,122,0.15926893,44,0.057441253,0.109660574,17,478,0.035564854,39167,0.11827957,0.898263027,0.451612903,0.148883375,338900
470370184051 ,1090,3203.078,515,48,0.044036697,135,0.123853211,40.4,1046,0.959633028,9,0.008256881,33,0.030275229,0.030275229,8,637,0.01255887,57431,0,0.98018648,0.475524476,0.149184149,348300
470370184052 ,1644,1482.212,686,112,0.068126521,277,0.168491484,44.8,1457,0.886253041,130,0.079075426,18,0.010948905,0.050486618,57,892,0.063901345,74000,0.104438642,0.993620415,0.426634769,0.159489633,349600
470370184053 ,1976,1596.136,672,127,0.064271255,173,0.087550607,42.2,1871,0.946862348,0,0,47,0.023785425,0.035425101,30,1004,0.029880478,114000,0,0.978851964,0.638217523,0.255287009,353000
470370184071 ,2536,2200.654,971,168,0.066246057,344,0.135646688,43.2,2319,0.914432177,106,0.041798107,0,0,0.060725552,114,1453,0.078458362,92344,0.044291339,0.974330357,0.579241071,0.209821429,356900
470370184072 ,1984,920.9265,669,176,0.088709677,130,0.065524194,37.6,1621,0.81703629,106,0.053427419,111,0.055947581,0.184979839,73,1189,0.061396131,97260,0,0.985553772,0.597913323,0.298555377,361400
470370184081 ,2885,2588.812,976,177,0.06135182,283,0.098093588,42.4,2401,0.832235702,147,0.050953206,34,0.011785095,0.12270364,32,1543,0.02073882,103214,0.05517909,0.95663397,0.694372741,0.236964378,364400
470370184082 ,822,660.5778,321,39,0.047445255,89,0.108272506,42.4,790,0.96107056,0,0,0,0,0.058394161,19,480,0.039583333,152969,0,0.98989899,0.735690236,0.254208754,365200
470370184091 ,2864,3256.016,1157,378,0.13198324,494,0.172486034,38.3,2640,0.921787709,198,0.069134078,242,0.084497207,0.094972067,16,1507,0.01061712,77054,0,0.912616822,0.457009346,0.240654206,367500
470370184092 ,1810,4060.657,972,29,0.016022099,637,0.351933702,61.1,1725,0.953038674,26,0.014364641,0,0,0.039226519,18,861,0.020905923,54894,0.175572519,0.972169513,0.430107527,0.137887413,368900
470370184101 ,2218,6653.085,1111,154,0.069431921,290,0.130748422,34.5,1767,0.796663661,290,0.130748422,128,0.057709648,0.116771867,71,1367,0.051938552,53381,0.060862215,0.945255474,0.443430657,0.186131387,371400
470370184102 ,806,5737.969,481,21,0.026054591,112,0.138957816,45.2,708,0.878411911,66,0.081885856,44,0.054590571,0.099255583,0,522,0,47083,0.104283054,0.960784314,0.432773109,0.137254902,373800
470370185001 ,793,925.7429,300,60,0.075662043,189,0.238335435,50.2,786,0.991172762,6,0.007566204,0,0,0.023959647,8,318,0.025157233,202188,0.068322981,0.996447602,0.820603908,0.463587922,377800
470370185002 ,837,1088.885,350,47,0.056152927,147,0.17562724,47.6,797,0.952210275,8,0.009557945,15,0.017921147,0.037037037,0,336,0,133500,0.097938144,0.986230637,0.829604131,0.387263339,387100
470370185003 ,856,855.2188,288,42,0.049065421,129,0.150700935,41.8,833,0.973130841,0,0,0,0,0.028037383,3,296,0.010135135,250001,0.04950495,0.986615679,0.881453155,0.40917782,391100
470370185004 ,961,1690.458,318,66,0.06867846,232,0.241415193,49.3,943,0.981269511,0,0,0,0,0.176899063,0,442,0,123833,0.194936709,1,0.827906977,0.517829457,391100
470370185005 ,750,1322.771,368,39,0.052,146,0.194666667,45.3,733,0.977333333,0,0,0,0,0.022666667,20,508,0.039370079,92870,0.117505995,1,0.8296875,0.2390625,395100
470370185006 ,904,2965.25,324,101,0.111725664,175,0.193584071,42.3,789,0.872787611,26,0.028761062,28,0.030973451,0.138274336,0,436,0,107813,0,0.933125972,0.534992224,0.180404355,399500
470370186011 ,1647,818.7515,540,51,0.030965392,244,0.148148148,44.2,1547,0.939283546,36,0.021857923,0,0,0.061323619,0,804,0,191667,0.033989267,0.989622642,0.833962264,0.398113208,403900
470370186012 ,837,386.1026,308,26,0.031063321,173,0.206690562,55.1,761,0.909199522,51,0.0609319,0,0,0,10,398,0.025125628,166875,0.063829787,0.954765751,0.841680129,0.311793215,404200
470370186021 ,1260,869.9376,482,129,0.102380952,223,0.176984127,46.3,1197,0.95,0,0,0,0,0.069047619,0,641,0,170227,0.069498069,0.99027027,0.891891892,0.415135135,408800
470370186022 ,656,557.9552,210,43,0.06554878,73,0.111280488,40.2,630,0.960365854,0,0,0,0,0.015243902,11,242,0.045454545,143333,0,1,0.724390244,0.265853659,410500
470370186023 ,1654,532.0129,605,52,0.031438936,436,0.263603386,50.9,1554,0.939540508,59,0.0356711,27,0.016324063,0.039903265,33,908,0.036343612,197344,0,0.988967691,0.75571316,0.319148936,422300
470370186024 ,606,662.1951,253,13,0.021452145,164,0.270627063,48.3,606,1,0,0,0,0,0.084158416,19,360,0.052777778,178854,0,1,0.764835165,0.296703297,437300
470370187001 ,1003,687.4787,388,13,0.012961117,169,0.168494516,44.8,1003,1,0,0,4,0.003988036,0.059820538,10,491,0.020366599,138409,0.017721519,1,0.842105263,0.306094183,440300
470370187002 ,1756,480.0936,600,149,0.084851936,308,0.175398633,44.4,1724,0.981776765,0,0,10,0.005694761,0.016514806,26,979,0.026557712,152083,0.092284418,1,0.833195706,0.417010735,452800
470370187003 ,523,206.7827,206,12,0.022944551,179,0.342256214,55.4,493,0.942638623,0,0,30,0.057361377,0.034416826,23,289,0.079584775,148929,0,0.955156951,0.591928251,0.213004484,455100
470370188011 ,939,2055.892,370,110,0.1171459,145,0.154419595,35.3,832,0.886048988,34,0.036208733,0,0,0.021299255,0,491,0,99444,0,0.980882353,0.502941176,0.133823529,465200
470370188012 ,531,2060.427,224,54,0.101694915,36,0.06779661,36.4,481,0.905838041,0,0,17,0.032015066,0.050847458,13,366,0.035519126,120455,0,1,0.783783784,0.287469287,472700
470370188013 ,2827,2090.917,1232,153,0.054120976,520,0.183940573,39.4,2144,0.758401132,139,0.04916873,21,0.007428369,0.161655465,0,1540,0,78269,0.034482759,0.992526857,0.651097618,0.226529659,476600
470370188014 ,665,1056.629,311,36,0.054135338,122,0.183458647,43.8,665,1,0,0,0,0,0,0,384,0,87341,0,0.96484375,0.435546875,0.1171875,481300
470370188015 ,894,1563.406,345,10,0.011185682,92,0.102908277,30.9,810,0.906040268,0,0,0,0,0.05704698,0,477,0,93359,0.240088106,1,0.71641791,0.374792703,483300
470370188031 ,1459,3656.575,912,26,0.017820425,209,0.143248801,33.3,1429,0.979437971,21,0.01439342,148,0.101439342,0.063742289,37,1072,0.034514925,51597,0.036958817,0.981627297,0.667541557,0.258967629,487800
470370188032 ,1571,1639.06,793,67,0.042647995,425,0.270528326,53.2,1441,0.917250159,42,0.026734564,18,0.01145767,0.098663272,11,890,0.012359551,81571,0.050299401,1,0.814869888,0.359107807,489400
470370188041 ,2914,3474.177,1319,134,0.0459849,702,0.240905971,46.4,2144,0.735758408,244,0.083733699,315,0.108098833,0.253260124,114,1663,0.068550812,87684,0,0.927748227,0.544326241,0.27570922,496300
470370188042 ,2395,2373.975,836,253,0.105636743,369,0.154070981,42.8,2143,0.894780793,199,0.08308977,132,0.055114823,0.083924843,0,1133,0,116633,0.03908046,0.978456014,0.578096948,0.250149611,508400
470370189011 ,1107,3007.167,675,25,0.022583559,158,0.142728094,48.8,785,0.709123758,205,0.185185185,142,0.128274616,0.061427281,0,760,0,47188,0.103585657,0.935714286,0.358163265,0.119387755,514300
470370189012 ,1657,1875.293,661,223,0.134580567,216,0.130356065,36.1,1352,0.815932408,79,0.047676524,0,0,0.126131563,112,779,0.143774069,55625,0.107962213,0.90299184,0.412511333,0.174977335,542000
470370189021 ,1134,3795.423,486,52,0.045855379,47,0.041446208,40.1,1075,0.947971781,54,0.047619048,29,0.025573192,0.0335097,24,865,0.027745665,77396,0.094972067,0.978655283,0.505869797,0.208110993,545700
470370189022 ,540,3302.581,250,26,0.048148148,112,0.207407407,35.1,526,0.974074074,0,0,6,0.011111111,0.085185185,10,280,0.035714286,61429,0,0.904977376,0.624434389,0.160633484,548000
470370189023 ,1054,3075.191,378,47,0.04459203,153,0.14516129,30.3,823,0.780834915,34,0.032258065,428,0.406072106,0.249525617,128,562,0.227758007,42083,0.050251256,0.818590705,0.385307346,0.142428786,554100
470370189041 ,808,2816.621,319,139,0.172029703,88,0.108910891,29.9,677,0.837871287,0,0,5,0.006188119,0.068069307,12,467,0.025695931,41838,0.106442577,0.85631068,0.578640777,0.182524272,560000
470370189042 ,2026,6673.3,736,286,0.141164857,130,0.064165844,29.9,1176,0.580454097,236,0.116485686,856,0.422507404,0.390424482,66,1031,0.064015519,32955,0.131050767,0.649839744,0.188301282,0.095352564,566700
470370189043 ,1158,2846.921,497,81,0.069948187,140,0.1208981,40.4,938,0.810017271,95,0.082037997,9,0.007772021,0.177029361,90,701,0.128388017,52243,0,0.951247166,0.488662132,0.150793651,577300
470370189051 ,0,0,0,0,0,0,0,NA,0,0,0,0,0,0,0,0,0,0,NA,0,0,0,0,597100
470370189052 ,2197,8385.272,1005,154,0.070095585,122,0.055530269,29.9,1240,0.564406008,499,0.227127902,418,0.190259445,0.352298589,74,1526,0.048492792,46164,0.107460036,0.906991661,0.558050032,0.227068634,614400
470370189053 ,1057,6001.086,331,72,0.068117313,125,0.118259224,32.9,690,0.652790918,41,0.038789026,166,0.15704825,0.43897824,35,532,0.065789474,44094,0,0.792168675,0.253012048,0.087349398,624000
470370190031 ,1441,15928.9,483,256,0.177654407,16,0.0111034,25.3,732,0.507980569,184,0.127689105,1010,0.700902151,0.417071478,90,762,0.118110236,36068,0.171526587,0.662698413,0.239417989,0.009259259,624100
470370190032 ,1043,11124.53,296,120,0.115052733,87,0.083413231,34.1,382,0.366251198,244,0.233940556,117,0.112176414,0.47746884,76,548,0.138686131,44821,0.029508197,0.672360248,0.236024845,0.114906832,630100
470370190033 ,1096,2880.837,389,21,0.019160584,178,0.162408759,34.9,920,0.839416058,113,0.10310219,251,0.229014599,0.208941606,21,487,0.04312115,50729,0.055825243,0.912258065,0.230967742,0.101935484,640700
470370190034 ,1160,7125.663,479,126,0.10862069,27,0.023275862,31.1,792,0.682758621,303,0.261206897,652,0.562068966,0.417241379,29,660,0.043939394,26191,0.168402778,0.672578445,0.207366985,0.051841746,650500
470370190041 ,1381,4124.033,509,97,0.070238957,101,0.073135409,34.2,743,0.53801593,342,0.247646633,235,0.170166546,0.260680666,104,761,0.136662286,30184,0.076225045,0.825294748,0.192926045,0.031082529,660300
470370190042 ,1373,2628.547,489,126,0.091769847,137,0.0997815,32.7,555,0.404224326,174,0.126729789,414,0.301529497,0.289876184,102,681,0.149779736,35734,0.082551595,0.731934732,0.111888112,0.016317016,665300
470370190043 ,2111,7987.834,513,344,0.162955945,74,0.035054477,28.9,904,0.428233065,515,0.243960208,684,0.324017054,0.627664614,32,956,0.033472803,34955,0.087188612,0.5472,0.116,0.012,675300
470370190051 ,2308,16428.87,956,333,0.144280763,112,0.048526863,29.7,768,0.332755633,1283,0.555892548,621,0.269064125,0.302426343,51,1188,0.042929293,21992,0.068226121,0.680990532,0.154406409,0.017479971,678200
470370190052 ,1111,7986.136,273,109,0.098109811,108,0.097209721,34.2,629,0.566156616,234,0.210621062,259,0.233123312,0.322232223,39,573,0.068062827,49911,0.258152174,0.682080925,0.065028902,0,689800
470370190061 ,3031,5489.53,893,338,0.111514352,161,0.053117783,29.5,1324,0.436819532,1059,0.34938964,875,0.288683603,0.406466513,72,1551,0.046421663,41356,0.064921466,0.717851329,0.117200217,0.025501899,691600
470370190062 ,1690,5276.47,690,106,0.062721893,289,0.171005917,35.7,953,0.563905325,253,0.149704142,575,0.340236686,0.289349112,30,756,0.03968254,39111,0.06122449,0.730516432,0.163380282,0.080751174,693800
470370190063 ,781,2600.54,282,9,0.011523688,135,0.172855314,40.9,415,0.531370038,111,0.14212548,195,0.249679898,0.320102433,33,399,0.082706767,29000,0.069306931,0.819168174,0.081374322,0,713700
470370191051 ,857,7038.569,347,173,0.201866978,85,0.099183197,33.8,607,0.708284714,95,0.110851809,10,0.011668611,0.284714119,0,403,0,31592,0.189252336,0.770318021,0.180212014,0,718200
470370191052 ,3963,10897.36,1509,452,0.114055009,283,0.071410548,25.8,1813,0.457481706,599,0.15114812,620,0.156447136,0.403229876,199,2155,0.092343387,27685,0.048549811,0.727313167,0.333185053,0.164145907,718800
470370191053 ,582,2829.127,310,15,0.025773196,80,0.137457045,41.6,556,0.95532646,12,0.020618557,12,0.020618557,0.199312715,6,362,0.016574586,57115,0.124293785,0.86492891,0.549763033,0.187203791,752600
470370191054 ,680,4540.125,214,85,0.125,76,0.111764706,29.3,586,0.861764706,94,0.138235294,336,0.494117647,0.113235294,0,288,0,67778,0,0.695187166,0.227272727,0.088235294,797400
470370191061 ,2479,7795.467,1203,159,0.064138766,237,0.095603066,29,1874,0.75594998,317,0.127874143,312,0.1258572,0.164985881,72,1768,0.040723982,49396,0.095488722,0.93677845,0.545904343,0.221550302,862800
470370191062 ,505,2209.495,228,0,0,38,0.075247525,40.8,461,0.912871287,44,0.087128713,0,0,0,0,345,0,75690,0,0.978622328,0.672209026,0.154394299,864800
470370191063 ,1070,6327.848,486,75,0.070093458,40,0.037383178,32.9,884,0.826168224,135,0.126168224,46,0.042990654,0.058878505,15,694,0.021613833,55313,0.098330241,0.984752224,0.562897078,0.210927573,1119600
470370191081 ,1322,2992.358,533,82,0.062027231,117,0.088502269,30,829,0.627080182,142,0.107413011,587,0.444024206,0.301815431,67,720,0.093055556,33661,0,0.728971963,0.14552737,0.049399199,1162000
470370191082 ,1960,11275.37,663,267,0.13622449,23,0.011734694,26.3,1000,0.510204082,433,0.220918367,989,0.504591837,0.435714286,11,1196,0.009197324,36803,0.180469716,0.608294931,0.131797235,0.056221198,1840300
470370191091 ,1826,5616.16,588,135,0.073932092,147,0.080503834,31.9,1203,0.658817087,192,0.105147864,651,0.356516977,0.352135816,99,945,0.104761905,41023,0,0.665464382,0.165915239,0.03877367,229005
470370191092 ,1375,4610.739,489,46,0.033454545,263,0.191272727,43,978,0.711272727,209,0.152,250,0.181818182,0.250909091,63,737,0.085481682,46607,0,0.71028971,0.183816184,0.068931069,229005
470370191093 ,2136,7837.308,647,106,0.049625468,74,0.034644195,33.1,1126,0.527153558,734,0.343632959,205,0.095973783,0.257490637,68,1350,0.05037037,38892,0.100139082,0.788243626,0.258498584,0.006373938,229005
470370191101 ,1119,2591.832,344,124,0.110813226,150,0.134048257,33.5,999,0.892761394,99,0.08847185,382,0.341376229,0.275245755,68,474,0.143459916,35965,0,0.528417819,0.087557604,0.012288786,229005
470370191102 ,872,5055.513,256,15,0.017201835,49,0.056192661,24.9,538,0.616972477,160,0.183486239,274,0.314220183,0.225917431,21,426,0.049295775,45615,0,0.551724138,0.177011494,0.03908046,229005
470370191103 ,2424,6025.425,742,124,0.051155116,209,0.086221122,32.5,1580,0.651815182,658,0.271452145,726,0.29950495,0.176155116,105,1346,0.078008915,53929,0.065491184,0.807613868,0.232494901,0.05914344,229005
470370191111 ,1170,4479.862,497,114,0.097435897,75,0.064102564,30.1,547,0.467521368,537,0.458974359,149,0.127350427,0.130769231,33,744,0.044354839,45295,0.156196944,0.844357977,0.232166018,0.072632944,229005
470370191112 ,2082,4852.753,984,189,0.090778098,78,0.037463977,30.4,1071,0.514409222,804,0.386167147,337,0.161863593,0.203170029,102,1296,0.078703704,38720,0.073446328,0.851823708,0.395136778,0.094224924,229005
470370191113 ,1092,4417.662,331,93,0.085164835,62,0.056776557,32.7,791,0.724358974,109,0.09981685,326,0.298534799,0.222527473,30,623,0.048154093,52031,0.135770235,0.826792963,0.239512855,0.028416779,229005
470370191121 ,4603,1813.481,1563,359,0.077992614,352,0.076471866,32.8,2451,0.532478818,1245,0.270475777,915,0.198783402,0.224201608,116,2428,0.047775947,59688,0.020062696,0.840772818,0.277148568,0.088607595,229005
470370191141 ,12590,1094.942,5019,1026,0.081493249,1045,0.083002383,33.8,9132,0.725337569,2421,0.192295473,631,0.050119142,0.14471803,457,8228,0.055542052,79811,0.036290323,0.956540174,0.538477846,0.22249311,229005
470370191151 ,4073,2006.329,1573,239,0.058679106,510,0.125214829,39.3,3175,0.779523693,515,0.126442426,144,0.035354775,0.100417383,147,2497,0.058870645,104107,0.006944444,0.950993831,0.654557916,0.263879369,229005
470370191161 ,4167,4721.646,1819,240,0.057595392,200,0.04799616,30.3,2722,0.653227742,1060,0.25437965,598,0.143508519,0.172546196,113,2355,0.047983015,42343,0.05994832,0.920059768,0.376540904,0.095255883,229005
470370191162 ,2488,1674.172,1063,265,0.106511254,308,0.123794212,38.9,1970,0.791800643,211,0.084807074,102,0.040996785,0.172427653,35,1463,0.023923445,82750,0.091452991,0.943219405,0.511025358,0.223263506,229005
470370191171 ,4453,888.584,1539,490,0.110038177,241,0.054120817,31.5,2339,0.525263867,1700,0.381765102,209,0.046934651,0.179429598,123,2502,0.049160671,67953,0.034504391,0.929222144,0.424316748,0.118780659,229005
470370191181 ,4608,13378.27,2082,359,0.077907986,169,0.036675347,26.9,1813,0.393446181,2199,0.477213542,772,0.167534722,0.162543403,51,2862,0.017819706,40172,0.11063648,0.90324884,0.316315602,0.061049625,229005
470370191182 ,1478,3398.4,485,119,0.080514208,78,0.052774019,32.8,859,0.581190798,441,0.298376184,323,0.218538566,0.403924222,27,896,0.030133929,68681,0,0.811240721,0.45068929,0.148462354,229005
470370192001 ,892,3346.029,471,12,0.013452915,77,0.08632287,42.3,726,0.813901345,105,0.117713004,60,0.067264574,0.052690583,38,651,0.058371736,70078,0.122905028,0.948519949,0.66023166,0.236808237,229005
470370192002 ,1106,8454.246,339,126,0.113924051,34,0.03074141,33.6,620,0.560578662,257,0.232368897,202,0.182640145,0.081374322,14,711,0.019690577,78456,0.073770492,0.956233422,0.550397878,0.225464191,229005
470370192003 ,604,4426.992,301,6,0.009933775,78,0.129139073,36.8,429,0.710264901,175,0.289735099,0,0,0,38,377,0.100795756,41307,0.201591512,0.871848739,0.283613445,0.031512605,229005
470370192004 ,1180,7865.517,450,79,0.066949153,0,0,23.9,373,0.316101695,729,0.61779661,87,0.073728814,0.033050847,77,510,0.150980392,21735,0.050632911,0.68716094,0.220614828,0.097649186,229005
470370193001 ,731,596.9319,396,33,0.045143639,185,0.253077975,50.6,289,0.395348837,333,0.455540356,0,0,0,12,306,0.039215686,18136,0.118040089,0.71942446,0.188848921,0.075539568,229005
470370193002 ,588,12082.58,165,145,0.246598639,40,0.068027211,16.2,35,0.05952381,455,0.773809524,0,0,0.210884354,0,134,0,7126,0.08839779,0.2,0,0,229005
470370193003 ,1844,23124.22,698,294,0.159436009,0,0,16.2,266,0.144251627,1457,0.790130152,13,0.007049892,0.007592191,304,622,0.488745981,7108,0.110828025,0.547619048,0.011904762,0.011904762,229005
470370194001 ,796,1667.538,474,20,0.025125628,48,0.060301508,35.2,593,0.744974874,185,0.23241206,0,0,0,0,592,0,77391,0.098859316,0.937950938,0.633477633,0.216450216,229005
470370194002 ,2444,2978.628,1188,78,0.031914894,138,0.056464812,30.9,1770,0.724222586,607,0.248363339,32,0.01309329,0.044189853,164,1942,0.084449022,75541,0.184625944,0.90945674,0.709758551,0.267605634,229005
470370194003 ,820,3905.06,512,79,0.096341463,48,0.058536585,39.4,53,0.064634146,767,0.935365854,0,0,0,72,278,0.258992806,9525,0.182108626,0.423357664,0.109489051,0.069343066,229005
470370195001 ,1832,2508.146,843,0,0,127,0.069323144,38.6,1410,0.769650655,375,0.204694323,49,0.026746725,0.031659389,123,1226,0.100326264,58107,0.179961089,0.84092289,0.429265331,0.128718883,229005
470370195002 ,1899,3042.53,1377,0,0,133,0.070036862,28.6,1726,0.908899421,0,0,136,0.07161664,0.05002633,0,1355,0,66750,0.355035129,0.986072423,0.776462396,0.200557103,229005
470370195003 ,804,2479.18,630,27,0.03358209,33,0.041044776,45.3,698,0.868159204,84,0.104477612,43,0.053482587,0.021144279,61,651,0.093701997,NA,0.328358209,0.912634409,0.427419355,0.213709677,229005
470370195004 ,1498,7148.599,481,0,0,65,0.043391188,32.7,745,0.497329773,581,0.387850467,142,0.094793057,0.049399199,0,534,0,56815,0.40617284,0.830870279,0.401477833,0.138752053,229005
470370196001 ,1722,1882.545,595,181,0.105110337,72,0.041811847,27.3,1081,0.62775842,519,0.301393728,387,0.224738676,0.253774681,52,1171,0.04440649,52019,0.067398119,0.756889764,0.25,0.024606299,229005
470370196002 ,2494,658.9756,1124,136,0.054530874,302,0.121090617,35.1,1909,0.765437049,304,0.121892542,687,0.275461107,0.179230152,45,1575,0.028571429,49438,0.145247148,0.798145117,0.315875614,0.10365521,229005
470379801001 ,0,0,0,0,0,0,0,NA,0,0,0,0,0,0,0,0,0,0,NA,0,0,0,0,229005
470379802001 ,0,0,0,0,0,0,0,NA,0,0,0,0,0,0,0,0,0,0,NA,0,0,0,0,229005
